station,province,rows,status,lat,lon,n_neighbors,neighbor_spread_km,rail_dist_km
Leslie,SASKATCHEWAN,73,interpolated,50.466303,-105.717983,26694,182.1,
Leckford,SASKATCHEWAN,32,interpolated,51.581741,-106.213034,5221,172.2,
Adair,SASKATCHEWAN,30,interpolated,50.466303,-105.717983,26694,182.1,
Bradshaw,ALBERTA,30,interpolated,50.88,-112.866667,14055,155.7,
Howell,SASKATCHEWAN,29,interpolated,51.581741,-106.213034,5221,172.2,
Dobson,ALBERTA,29,interpolated,52.583889,-112.300833,1500,125.9,
Fort William,BRITISH COLUMBIA,28,interpolated,49.261111,-123.113889,171,16.0,
Veldt,ALBERTA,25,interpolated,50.88,-112.866667,14055,155.7,
Montreal,ONTARIO,24,interpolated,44.5014,-79.85847,27,92.7,
Duro,SASKATCHEWAN,22,interpolated,51.298542,-105.047323,2147,152.0,
Smith Spur,MANITOBA,22,interpolated,50.145,-99.683889,2225,108.6,
Berton,MANITOBA,21,interpolated,50.145,-99.683889,2225,108.6,
Enterprise,MANITOBA,21,interpolated,50.145,-99.683889,2225,108.6,
Hope Farm,MANITOBA,21,interpolated,50.145,-99.683889,2225,108.6,
Normanton,SASKATCHEWAN,21,interpolated,51.298542,-105.047323,2147,152.0,
Lenore Lake,SASKATCHEWAN,21,interpolated,51.581741,-106.213034,5221,172.2,
Radway Centre,ALBERTA,21,interpolated,52.583889,-112.300833,1500,125.9,
Jefferson,ALBERTA,21,interpolated,50.88,-112.866667,14055,155.7,
Birdview,SASKATCHEWAN,20,interpolated,51.581741,-106.213034,5221,172.2,
Pashley,ALBERTA,20,interpolated,50.88,-112.866667,14055,155.7,
Jamieson,ALBERTA,20,interpolated,50.88,-112.866667,14055,155.7,
Rainton,SASKATCHEWAN,18,interpolated,51.298542,-105.047323,2147,152.0,
Leach Siding,SASKATCHEWAN,18,interpolated,51.616727,-105.809146,17381,184.7,
Glenwoodville,ALBERTA,18,interpolated,50.88,-112.866667,14055,155.7,
Alcester,MANITOBA,17,interpolated,49.424444,-98.014444,318,80.8,
Bannerman,MANITOBA,17,interpolated,49.424444,-98.014444,318,80.8,
Desford,MANITOBA,17,interpolated,49.424444,-98.014444,318,80.8,
Fairburn,MANITOBA,17,interpolated,49.424444,-98.014444,318,80.8,
McKelvie,MANITOBA,17,interpolated,49.424444,-98.014444,318,80.8,
Astum,SASKATCHEWAN,17,interpolated,50.466303,-105.717983,26694,182.1,
Peoples,SASKATCHEWAN,16,interpolated,51.298542,-105.047323,2147,152.0,
Pollock's Siding,SASKATCHEWAN,16,interpolated,51.298542,-105.047323,2147,152.0,
Sevick,MANITOBA,16,interpolated,50.145,-99.683889,2225,108.6,
Gouvenour,SASKATCHEWAN,16,interpolated,50.466303,-105.717983,26694,182.1,
Rea,MANITOBA,15,interpolated,49.998889,-99.971944,208,55.4,
"West St. John, N.B",ONTARIO,15,interpolated,48.354336,-89.262676,322,8.8,
Varcoe,MANITOBA,15,interpolated,49.658611,-99.862778,7382,92.7,
Wassewa,MANITOBA,15,interpolated,50.145,-99.683889,2225,108.6,
Holder,SASKATCHEWAN,15,interpolated,51.581741,-106.213034,5221,172.2,
Bergman,MANITOBA,14,interpolated,49.424444,-98.014444,318,80.8,
Bradburn,MANITOBA,14,interpolated,49.424444,-98.014444,318,80.8,
Dunn,MANITOBA,14,interpolated,49.424444,-98.014444,318,80.8,
"West St. John, N.B",QUEBEC,14,interpolated,45.508822,-73.554077,9,0.0,
Baliol,SASKATCHEWAN,14,interpolated,50.466303,-105.717983,26694,182.1,
Aikens,SASKATCHEWAN,13,interpolated,50.466303,-105.717983,26694,182.1,
Magnus,MANITOBA,13,interpolated,49.424444,-98.014444,318,80.8,
Penrith,MANITOBA,13,interpolated,49.658611,-99.862778,7382,92.7,
Barbour,SASKATCHEWAN,13,interpolated,51.616727,-105.809146,17381,184.7,
Herbert,MANITOBA,13,interpolated,49.658611,-99.862778,7382,92.7,
Beaver River Crossing,ALBERTA,13,interpolated,52.834167,-112.572222,6568,125.6,
Aiktow,SASKATCHEWAN,12,interpolated,50.466303,-105.717983,26694,182.1,
Pitlochry,MANITOBA,12,interpolated,49.658611,-99.862778,7382,92.7,
Peigan,ALBERTA,12,interpolated,50.88,-112.866667,14055,155.7,
Arcola,MANITOBA,12,interpolated,49.658611,-99.862778,7382,92.7,
Morse,MANITOBA,12,interpolated,49.658611,-99.862778,7382,92.7,
Sintaluta,MANITOBA,12,interpolated,49.658611,-99.862778,7382,92.7,
Swift Current,MANITOBA,12,interpolated,49.658611,-99.862778,7382,92.7,
Prussia,SASKATCHEWAN,12,interpolated,50.466303,-105.717983,26694,182.1,
McLean Siding,MANITOBA,11,interpolated,50.145,-99.683889,2225,108.6,
Elswick,SASKATCHEWAN,11,interpolated,51.581741,-106.213034,5221,172.2,
Madill,MANITOBA,11,interpolated,49.658611,-99.862778,7382,92.7,
Lydden,SASKATCHEWAN,11,interpolated,51.298542,-105.047323,2147,152.0,
Deveron,SASKATCHEWAN,11,interpolated,50.466303,-105.717983,26694,182.1,
Viola,SASKATCHEWAN,11,interpolated,51.616727,-105.809146,17381,184.7,
Bott,ALBERTA,11,interpolated,50.88,-112.866667,14055,155.7,
Cupar,MANITOBA,11,interpolated,49.658611,-99.862778,7382,92.7,
Francis,MANITOBA,11,interpolated,49.658611,-99.862778,7382,92.7,
Markinch,MANITOBA,11,interpolated,49.658611,-99.862778,7382,92.7,
Milestone,MANITOBA,11,interpolated,49.658611,-99.862778,7382,92.7,
Oxbow,MANITOBA,11,interpolated,49.658611,-99.862778,7382,92.7,
Rouleau,MANITOBA,11,interpolated,49.658611,-99.862778,7382,92.7,
Noble,ALBERTA,10,interpolated,50.88,-112.866667,14055,155.7,
Lovat,SASKATCHEWAN,10,interpolated,51.581741,-106.213034,5221,172.2,
Drake,MANITOBA,10,interpolated,50.145,-99.683889,2225,108.6,
Pickthall,SASKATCHEWAN,10,interpolated,50.466303,-105.717983,26694,182.1,
Abernethy,MANITOBA,10,interpolated,49.658611,-99.862778,7382,92.7,
Drinkwater,MANITOBA,10,interpolated,49.658611,-99.862778,7382,92.7,
Fillmore,MANITOBA,10,interpolated,49.658611,-99.862778,7382,92.7,
Gainsboro,MANITOBA,10,interpolated,49.658611,-99.862778,7382,92.7,
Kisbey,MANITOBA,10,interpolated,49.658611,-99.862778,7382,92.7,
Lang,MANITOBA,10,interpolated,49.658611,-99.862778,7382,92.7,
Macoun,MANITOBA,10,interpolated,49.658611,-99.862778,7382,92.7,
Moosomin,MANITOBA,10,interpolated,49.658611,-99.862778,7382,92.7,
Pense,MANITOBA,10,interpolated,49.658611,-99.862778,7382,92.7,
Yellow Grass,MANITOBA,10,interpolated,49.658611,-99.862778,7382,92.7,
Noremac,SASKATCHEWAN,10,interpolated,51.581741,-106.213034,5221,172.2,
Port Arthur,BRITISH COLUMBIA,9,interpolated,49.261111,-123.113889,171,16.0,
Halliday,ALBERTA,9,interpolated,52.834167,-112.572222,6568,125.6,
Terence,MANITOBA,9,interpolated,50.236667,-99.730833,3772,114.8,
Factoria,SASKATCHEWAN,9,interpolated,51.616727,-105.809146,17381,184.7,
Horton,MANITOBA,9,interpolated,50.236667,-99.730833,3772,114.8,
Liege,MANITOBA,9,interpolated,50.236667,-99.730833,3772,114.8,
Minmar,MANITOBA,9,interpolated,50.236667,-99.730833,3772,114.8,
Armistice,ALBERTA,9,interpolated,52.834167,-112.572222,6568,125.6,
Ladstock,SASKATCHEWAN,9,interpolated,50.466303,-105.717983,26694,182.1,
Peacedale,SASKATCHEWAN,9,interpolated,51.616727,-105.809146,17381,184.7,
Alameda,MANITOBA,9,interpolated,49.658611,-99.862778,7382,92.7,
Creelman,MANITOBA,9,interpolated,49.658611,-99.862778,7382,92.7,
Glen Ewen,MANITOBA,9,interpolated,49.658611,-99.862778,7382,92.7,
Grayson,MANITOBA,9,interpolated,49.658611,-99.862778,7382,92.7,
Maple Creek,MANITOBA,9,interpolated,49.658611,-99.862778,7382,92.7,
Neville,MANITOBA,9,interpolated,49.658611,-99.862778,7382,92.7,
Prelate,MANITOBA,9,interpolated,49.658611,-99.862778,7382,92.7,
Prussia,MANITOBA,9,interpolated,49.658611,-99.862778,7382,92.7,
Rush Lake,MANITOBA,9,interpolated,49.658611,-99.862778,7382,92.7,
Sceptre,MANITOBA,9,interpolated,49.658611,-99.862778,7382,92.7,
Webb,MANITOBA,9,interpolated,49.658611,-99.862778,7382,92.7,
Station: 1,ONTARIO,9,interpolated,48.354336,-89.262676,322,8.8,
Winnipeg,,8,no_province_bbox,,,0,,
Ashdown,MANITOBA,8,interpolated,50.145,-99.683889,2225,108.6,
Coblenz,SASKATCHEWAN,8,interpolated,51.298542,-105.047323,2147,152.0,
Carlsberg,SASKATCHEWAN,8,interpolated,51.581741,-106.213034,5221,172.2,
Pollock Siding,SASKATCHEWAN,8,interpolated,51.298542,-105.047323,2147,152.0,
Elliott Siding,MANITOBA,8,interpolated,50.145,-99.683889,2225,108.6,
Terrence,MANITOBA,8,interpolated,50.145,-99.683889,2225,108.6,
Engen Siding,SASKATCHEWAN,8,interpolated,50.466303,-105.717983,26694,182.1,
Tataqua,SASKATCHEWAN,8,interpolated,50.466303,-105.717983,26694,182.1,
Factoria Siding,SASKATCHEWAN,8,interpolated,51.581741,-106.213034,5221,172.2,
Scope,ALBERTA,8,interpolated,50.88,-112.866667,14055,155.7,
Echo,SASKATCHEWAN,8,interpolated,50.466303,-105.717983,26694,182.1,
Hocy,SASKATCHEWAN,8,interpolated,51.616727,-105.809146,17381,184.7,
Hathaway Siding,MANITOBA,8,interpolated,49.658611,-99.862778,7382,92.7,
Agnew,MANITOBA,8,interpolated,50.236667,-99.730833,3772,114.8,
Christie,MANITOBA,8,interpolated,50.236667,-99.730833,3772,114.8,
Coatstone,MANITOBA,8,interpolated,50.236667,-99.730833,3772,114.8,
Roe,SASKATCHEWAN,8,interpolated,51.616727,-105.809146,17381,184.7,
Adanac,MANITOBA,8,interpolated,49.658611,-99.862778,7382,92.7,
Balcarres,MANITOBA,8,interpolated,49.658611,-99.862778,7382,92.7,
Duval,MANITOBA,8,interpolated,49.658611,-99.862778,7382,92.7,
Earl Grey,MANITOBA,8,interpolated,49.658611,-99.862778,7382,92.7,
Elbow,MANITOBA,8,interpolated,49.658611,-99.862778,7382,92.7,
Elfros,MANITOBA,8,interpolated,49.658611,-99.862778,7382,92.7,
Frobisher,MANITOBA,8,interpolated,49.658611,-99.862778,7382,92.7,
Glenside,MANITOBA,8,interpolated,49.658611,-99.862778,7382,92.7,
Govan,MANITOBA,8,interpolated,49.658611,-99.862778,7382,92.7,
Grand Coulee,MANITOBA,8,interpolated,49.658611,-99.862778,7382,92.7,
Keeler,MANITOBA,8,interpolated,49.658611,-99.862778,7382,92.7,
Kincaid,MANITOBA,8,interpolated,49.658611,-99.862778,7382,92.7,
Lajord,MANITOBA,8,interpolated,49.658611,-99.862778,7382,92.7,
Lemberg,MANITOBA,8,interpolated,49.658611,-99.862778,7382,92.7,
Loreburn,MANITOBA,8,interpolated,49.658611,-99.862778,7382,92.7,
Limerick,MANITOBA,8,interpolated,49.658611,-99.862778,7382,92.7,
Marquis,MANITOBA,8,interpolated,49.658611,-99.862778,7382,92.7,
Mortlach,MANITOBA,8,interpolated,49.658611,-99.862778,7382,92.7,
Ogema,MANITOBA,8,interpolated,49.658611,-99.862778,7382,92.7,
Osage,MANITOBA,8,interpolated,49.658611,-99.862778,7382,92.7,
Qu'Appelle,MANITOBA,8,interpolated,49.658611,-99.862778,7382,92.7,
Rocanville,MANITOBA,8,interpolated,49.658611,-99.862778,7382,92.7,
Simpson,MANITOBA,8,interpolated,49.658611,-99.862778,7382,92.7,
Southey,MANITOBA,8,interpolated,49.658611,-99.862778,7382,92.7,
Sovereign,MANITOBA,8,interpolated,49.658611,-99.862778,7382,92.7,
Strassburg,MANITOBA,8,interpolated,49.658611,-99.862778,7382,92.7,
Strongfield,MANITOBA,8,interpolated,49.658611,-99.862778,7382,92.7,
Shaunavon,MANITOBA,8,interpolated,49.658611,-99.862778,7382,92.7,
Tuxford,MANITOBA,8,interpolated,49.658611,-99.862778,7382,92.7,
Tyvan,MANITOBA,8,interpolated,49.658611,-99.862778,7382,92.7,
Woodrow,MANITOBA,8,interpolated,49.658611,-99.862778,7382,92.7,
Bideford,ALBERTA,8,interpolated,50.88,-112.866667,14055,155.7,
Holden,SASKATCHEWAN,8,interpolated,51.298542,-105.047323,2147,152.0,
Fort William,ALBERTA,8,interpolated,50.88,-112.866667,14055,155.7,
Gull,SASKATCHEWAN,8,interpolated,50.466303,-105.717983,26694,182.1,
rth,,7,no_province_bbox,,,0,,
Winkler,,7,no_province_bbox,,,0,,
Grays,MANITOBA,7,interpolated,50.145,-99.683889,2225,108.6,
Sander,SASKATCHEWAN,7,interpolated,51.298542,-105.047323,2147,152.0,
Mecheche,ALBERTA,7,interpolated,52.583889,-112.300833,1500,125.9,
Commerce,ALBERTA,7,too_few_neighbors,,,0,,
Kilty,MANITOBA,7,interpolated,50.236667,-99.730833,3772,114.8,
Valpoy,MANITOBA,7,interpolated,50.236667,-99.730833,3772,114.8,
Reigate,SASKATCHEWAN,7,interpolated,50.466303,-105.717983,26694,182.1,
Mecheché,ALBERTA,7,interpolated,52.834167,-112.572222,6568,125.6,
Mechesche,ALBERTA,7,interpolated,52.834167,-112.572222,6568,125.6,
Weiss,ALBERTA,7,interpolated,52.834167,-112.572222,6568,125.6,
Aneroid,MANITOBA,7,interpolated,49.658611,-99.862778,7382,92.7,
Abbey,MANITOBA,7,interpolated,49.658611,-99.862778,7382,92.7,
Ernfold,MANITOBA,7,interpolated,49.658611,-99.862778,7382,92.7,
Halbrite,MANITOBA,7,interpolated,49.658611,-99.862778,7382,92.7,
Hazenmore,MANITOBA,7,interpolated,49.658611,-99.862778,7382,92.7,
Holdfast,MANITOBA,7,interpolated,49.658611,-99.862778,7382,92.7,
Imperial,MANITOBA,7,interpolated,49.658611,-99.862778,7382,92.7,
Leslie,MANITOBA,7,interpolated,49.658611,-99.862778,7382,92.7,
Luseland,MANITOBA,7,interpolated,49.658611,-99.862778,7382,92.7,
Lemsford,MANITOBA,7,interpolated,49.658611,-99.862778,7382,92.7,
Lancer,MANITOBA,7,interpolated,49.658611,-99.862778,7382,92.7,
Meyronne,MANITOBA,7,interpolated,49.658611,-99.862778,7382,92.7,
Pennant,MANITOBA,7,interpolated,49.658611,-99.862778,7382,92.7,
Salvador,MANITOBA,7,interpolated,49.658611,-99.862778,7382,92.7,
Sedley,MANITOBA,7,interpolated,49.658611,-99.862778,7382,92.7,
Wapella,MANITOBA,7,interpolated,49.658611,-99.862778,7382,92.7,
Wymark,MANITOBA,7,interpolated,49.658611,-99.862778,7382,92.7,
eroid,SASKATCHEWAN,7,interpolated,50.466303,-105.717983,26694,182.1,
ood,,6,no_province_bbox,,,0,,
Culross,,6,no_province_bbox,,,0,,
Page,MANITOBA,6,interpolated,49.658611,-99.862778,7382,92.7,
Carlstadt,ALBERTA,6,interpolated,50.88,-112.866667,14055,155.7,
Neidpath,ALBERTA,6,interpolated,50.88,-112.866667,14055,155.7,
Raith (Royal Park),ALBERTA,6,interpolated,52.583889,-112.300833,1500,125.9,
Rochfort,ALBERTA,6,interpolated,52.583889,-112.300833,1500,125.9,
Baldwin,SASKATCHEWAN,6,interpolated,50.466303,-105.717983,26694,182.1,
Titian,ALBERTA,6,interpolated,50.88,-112.866667,14055,155.7,
Euclid,SASKATCHEWAN,6,interpolated,51.616727,-105.809146,17381,184.7,
Sclanders Sdg,SASKATCHEWAN,6,interpolated,50.466303,-105.717983,26694,182.1,
Alcock..... (Glendon),ALBERTA,6,interpolated,52.834167,-112.572222,6568,125.6,
Fareham,ALBERTA,6,interpolated,50.88,-112.866667,14055,155.7,
Antler,MANITOBA,6,interpolated,49.658611,-99.862778,7382,92.7,
Cutknife,MANITOBA,6,interpolated,49.658611,-99.862778,7382,92.7,
Dubuc,MANITOBA,6,interpolated,49.658611,-99.862778,7382,92.7,
Dysart,MANITOBA,6,interpolated,49.658611,-99.862778,7382,92.7,
Expanse,MANITOBA,6,interpolated,49.658611,-99.862778,7382,92.7,
Hawarden,MANITOBA,6,interpolated,49.658611,-99.862778,7382,92.7,
Herschel,MANITOBA,6,interpolated,49.658611,-99.862778,7382,92.7,
Kandahar,MANITOBA,6,interpolated,49.658611,-99.862778,7382,92.7,
Kronau,MANITOBA,6,interpolated,49.658611,-99.862778,7382,92.7,
Liberty,MANITOBA,6,interpolated,49.658611,-99.862778,7382,92.7,
La Fleche,MANITOBA,6,interpolated,49.658611,-99.862778,7382,92.7,
Midale,MANITOBA,6,interpolated,49.658611,-99.862778,7382,92.7,
McTaggart,MANITOBA,6,interpolated,49.658611,-99.862778,7382,92.7,
Neudorf,MANITOBA,6,interpolated,49.658611,-99.862778,7382,92.7,
Penzance,MANITOBA,6,interpolated,49.658611,-99.862778,7382,92.7,
Phippen,MANITOBA,6,interpolated,49.658611,-99.862778,7382,92.7,
Piapot,MANITOBA,6,interpolated,49.658611,-99.862778,7382,92.7,
Redvers,MANITOBA,6,interpolated,49.658611,-99.862778,7382,92.7,
Saltcoats,MANITOBA,6,interpolated,49.658611,-99.862778,7382,92.7,
Springside,MANITOBA,6,interpolated,49.658611,-99.862778,7382,92.7,
Stalwart,MANITOBA,6,interpolated,49.658611,-99.862778,7382,92.7,
Stranraer,MANITOBA,6,interpolated,49.658611,-99.862778,7382,92.7,
Summerberry,MANITOBA,6,interpolated,49.658611,-99.862778,7382,92.7,
Success,MANITOBA,6,interpolated,49.658611,-99.862778,7382,92.7,
Tompkins,MANITOBA,6,interpolated,49.658611,-99.862778,7382,92.7,
Welwyn,MANITOBA,6,interpolated,49.658611,-99.862778,7382,92.7,
Rosthern,MANITOBA,6,interpolated,50.145,-99.683889,2225,108.6,
Lafleche,MANITOBA,6,interpolated,49.658611,-99.862778,7382,92.7,
Barons,MANITOBA,6,interpolated,49.658611,-99.862778,7382,92.7,
Carmangay,MANITOBA,6,interpolated,49.658611,-99.862778,7382,92.7,
Claresholm,MANITOBA,6,interpolated,49.658611,-99.862778,7382,92.7,
Provost,MANITOBA,6,interpolated,49.658611,-99.862778,7382,92.7,
Kainsack,SASKATCHEWAN,6,interpolated,51.581741,-106.213034,5221,172.2,
Dipple Spur,MANITOBA,6,interpolated,50.236667,-99.730833,3772,114.8,
Brett Siding,SASKATCHEWAN,6,interpolated,51.616727,-105.809146,17381,184.7,
Mecheshe,ALBERTA,6,interpolated,52.834167,-112.572222,6568,125.6,
Alexander,,5,no_province_bbox,,,0,,
Cypress River,,5,no_province_bbox,,,0,,
Hamiota,,5,no_province_bbox,,,0,,
Holland,,5,no_province_bbox,,,0,,
Manitou,,5,no_province_bbox,,,0,,
Melita,,5,no_province_bbox,,,0,,
Newdale,,5,no_province_bbox,,,0,,
Ninga,,5,no_province_bbox,,,0,,
§St. Boniface,,5,no_province_bbox,,,0,,
Strathclair,,5,no_province_bbox,,,0,,
Bremner's Sdg,ALBERTA,5,interpolated,52.834167,-112.951111,509,113.4,
Dipples Spur,MANITOBA,5,interpolated,50.145,-99.683889,2225,108.6,
Dodd's Siding,ALBERTA,5,interpolated,52.583889,-112.300833,1500,125.9,
Ghost Pine,ALBERTA,5,interpolated,52.834167,-112.951111,509,113.4,
Eburne,BRITISH COLUMBIA,5,too_few_neighbors,,,0,,
Calgary,ONTARIO,5,interpolated,48.354336,-89.262676,322,8.8,
Edmonton South,ALBERTA,5,interpolated,50.88,-112.866667,14055,155.7,
Charboneau,ALBERTA,5,interpolated,52.834167,-112.572222,6568,125.6,
Anglia,MANITOBA,5,interpolated,49.658611,-99.862778,7382,92.7,
Asquith,MANITOBA,5,interpolated,49.658611,-99.862778,7382,92.7,
Bridgeford,MANITOBA,5,interpolated,49.658611,-99.862778,7382,92.7,
Broderick,MANITOBA,5,interpolated,49.658611,-99.862778,7382,92.7,
Cabri,MANITOBA,5,interpolated,49.658611,-99.862778,7382,92.7,
Carievale,MANITOBA,5,interpolated,49.658611,-99.862778,7382,92.7,
Carlyle,MANITOBA,5,interpolated,49.658611,-99.862778,7382,92.7,
Carnduff,MANITOBA,5,interpolated,49.658611,-99.862778,7382,92.7,
Cymric,MANITOBA,5,interpolated,49.658611,-99.862778,7382,92.7,
Denzil,MANITOBA,5,interpolated,49.658611,-99.862778,7382,92.7,
Fairlight,MANITOBA,5,interpolated,49.658611,-99.862778,7382,92.7,
Fleming,MANITOBA,5,interpolated,49.658611,-99.862778,7382,92.7,
Jansen,MANITOBA,5,interpolated,49.658611,-99.862778,7382,92.7,
Pangman,MANITOBA,5,interpolated,49.658611,-99.862778,7382,92.7,
Plenty,MANITOBA,5,interpolated,49.658611,-99.862778,7382,92.7,
Plunkett,MANITOBA,5,interpolated,49.658611,-99.862778,7382,92.7,
Primate,MANITOBA,5,interpolated,49.658611,-99.862778,7382,92.7,
Red Jacket,MANITOBA,5,interpolated,49.658611,-99.862778,7382,92.7,
Rockhaven,MANITOBA,5,interpolated,49.658611,-99.862778,7382,92.7,
Readlyn,MANITOBA,5,interpolated,49.658611,-99.862778,7382,92.7,
Shackleton,MANITOBA,5,interpolated,49.658611,-99.862778,7382,92.7,
Tugaska,MANITOBA,5,interpolated,49.658611,-99.862778,7382,92.7,
Tramping Lake,MANITOBA,5,interpolated,49.658611,-99.862778,7382,92.7,
Viscount,MANITOBA,5,interpolated,49.658611,-99.862778,7382,92.7,
Dauphin,BRITISH COLUMBIA,5,interpolated,49.183333,-122.55,37,74.8,
Highland,ALBERTA,5,interpolated,52.583889,-112.300833,1500,125.9,
Brock,MANITOBA,5,interpolated,50.145,-99.683889,2225,108.6,
Davidson,MANITOBA,5,interpolated,50.145,-99.683889,2225,108.6,
Englefeld,MANITOBA,5,interpolated,50.145,-99.683889,2225,108.6,
Hanley,MANITOBA,5,interpolated,50.145,-99.683889,2225,108.6,
Radisson,MANITOBA,5,interpolated,50.145,-99.683889,2225,108.6,
Tessier,MANITOBA,5,interpolated,50.145,-99.683889,2225,108.6,
Ponteix,MANITOBA,5,interpolated,49.658611,-99.862778,7382,92.7,
Tugaske,MANITOBA,5,interpolated,49.658611,-99.862778,7382,92.7,
Calgary,MANITOBA,5,interpolated,49.658611,-99.862778,7382,92.7,
Champion,MANITOBA,5,interpolated,49.658611,-99.862778,7382,92.7,
Granum,MANITOBA,5,interpolated,49.658611,-99.862778,7382,92.7,
High River,MANITOBA,5,interpolated,49.658611,-99.862778,7382,92.7,
Nanton,MANITOBA,5,interpolated,49.658611,-99.862778,7382,92.7,
Vulcan,MANITOBA,5,interpolated,49.658611,-99.862778,7382,92.7,
Donovan,SASKATCHEWAN,5,interpolated,51.581741,-106.213034,5221,172.2,
Stoney Plains,ALBERTA,5,interpolated,52.583889,-112.300833,1500,125.9,
Osgood,SASKATCHEWAN,5,interpolated,51.581741,-106.213034,5221,172.2,
Crunk,SASKATCHEWAN,5,interpolated,51.581741,-106.213034,5221,172.2,
Richter,SASKATCHEWAN,5,interpolated,51.581741,-106.213034,5221,172.2,
Roxawn,SASKATCHEWAN,5,interpolated,51.581741,-106.213034,5221,172.2,
Raith,ALBERTA,5,interpolated,52.583889,-112.300833,1500,125.9,
Nerpiscam,ALBERTA,5,interpolated,50.88,-112.866667,14055,155.7,
MeMort,SASKATCHEWAN,5,interpolated,51.581741,-106.213034,5221,172.2,
Orthez,MANITOBA,5,interpolated,49.658611,-99.862778,7382,92.7,
Hubbell,MANITOBA,5,interpolated,50.236667,-99.730833,3772,114.8,
Stockdill,SASKATCHEWAN,5,interpolated,50.466303,-105.717983,26694,182.1,
Simmons,ALBERTA,5,interpolated,50.88,-112.866667,14055,155.7,
Edouardville,ALBERTA,5,interpolated,52.834167,-112.572222,6568,125.6,
Hart Spur,ALBERTA,5,interpolated,52.834167,-112.572222,6568,125.6,
Three Rivers,QUEBEC,5,too_few_neighbors,,,0,,
Altona,,4,no_province_bbox,,,0,,
rdine,,4,no_province_bbox,,,0,,
Dominion City,,4,no_province_bbox,,,0,,
Elva,,4,no_province_bbox,,,0,,
Foxwarren,,4,no_province_bbox,,,0,,
Goodlands,,4,no_province_bbox,,,0,,
Kenton,,4,no_province_bbox,,,0,,
Oak Lake,,4,no_province_bbox,,,0,,
Oak River,,4,no_province_bbox,,,0,,
Treherne,,4,no_province_bbox,,,0,,
Whitewater,,4,no_province_bbox,,,0,,
Wells Siding,ALBERTA,4,interpolated,50.88,-112.866667,14055,155.7,
Resterm,SASKATCHEWAN,4,interpolated,51.581741,-106.213034,5221,172.2,
Rhien,SASKATCHEWAN,4,interpolated,51.581741,-106.213034,5221,172.2,
West Gretna,MANITOBA,4,interpolated,49.424444,-98.014444,318,80.8,
Barr,MANITOBA,4,interpolated,49.998889,-99.971944,208,55.4,
Lindley,SASKATCHEWAN,4,interpolated,51.298542,-105.047323,2147,152.0,
Gleniffer,MANITOBA,4,interpolated,49.658611,-99.862778,7382,92.7,
Winnipeg,ONTARIO,4,interpolated,48.354336,-89.262676,322,8.8,
"Howell(Prud'homme)Sask. Co-op. Elev. Co., Ltd",SASKATCHEWAN,4,interpolated,51.616727,-105.809146,17381,184.7,
Echo Lake,SASKATCHEWAN,4,interpolated,50.466303,-105.717983,26694,182.1,
Harold,SASKATCHEWAN,4,interpolated,50.466303,-105.717983,26694,182.1,
Howell(Prud'homme)Sask,SASKATCHEWAN,4,interpolated,51.616727,-105.809146,17381,184.7,
Selkirk East,MANITOBA,4,interpolated,49.658611,-99.862778,7382,92.7,
Howell..... (Prud'homme),SASKATCHEWAN,4,interpolated,51.616727,-105.809146,17381,184.7,
Elliott,MANITOBA,4,interpolated,50.236667,-99.730833,3772,114.8,
Asquith Pit,SASKATCHEWAN,4,interpolated,50.466303,-105.717983,26694,182.1,
St. Vincent,SASKATCHEWAN,4,interpolated,50.466303,-105.717983,26694,182.1,
Montreal.....*,ONTARIO,4,too_few_neighbors,,,0,,
Lake Johnson,SASKATCHEWAN,4,interpolated,50.466303,-105.717983,26694,182.1,
Amulet,MANITOBA,4,interpolated,49.658611,-99.862778,7382,92.7,
Antelope,MANITOBA,4,interpolated,49.658611,-99.862778,7382,92.7,
Baring,MANITOBA,4,interpolated,49.658611,-99.862778,7382,92.7,
Belbeck,MANITOBA,4,interpolated,49.658611,-99.862778,7382,92.7,
Beverley,MANITOBA,4,interpolated,49.658611,-99.862778,7382,92.7,
Bounty,MANITOBA,4,interpolated,49.658611,-99.862778,7382,92.7,
Brownlee,MANITOBA,4,interpolated,49.658611,-99.862778,7382,92.7,
Cantaur,MANITOBA,4,interpolated,49.658611,-99.862778,7382,92.7,
Corinne,MANITOBA,4,interpolated,49.658611,-99.862778,7382,92.7,
Dafoe,MANITOBA,4,interpolated,49.658611,-99.862778,7382,92.7,
Eyebrow,MANITOBA,4,interpolated,49.658611,-99.862778,7382,92.7,
Evesham,MANITOBA,4,interpolated,49.658611,-99.862778,7382,92.7,
Forget,MANITOBA,4,interpolated,49.658611,-99.862778,7382,92.7,
Froude,MANITOBA,4,interpolated,49.658611,-99.862778,7382,92.7,
Fortune,MANITOBA,4,interpolated,49.658611,-99.862778,7382,92.7,
Handel,MANITOBA,4,interpolated,49.658611,-99.862778,7382,92.7,
Hirsch,MANITOBA,4,interpolated,49.658611,-99.862778,7382,92.7,
Hitchcock,MANITOBA,4,interpolated,49.658611,-99.862778,7382,92.7,
Killaley,MANITOBA,4,interpolated,49.658611,-99.862778,7382,92.7,
Leipzig,MANITOBA,4,interpolated,49.658611,-99.862778,7382,92.7,
Melaval,MANITOBA,4,interpolated,49.658611,-99.862778,7382,92.7,
Monitor,MANITOBA,4,interpolated,49.658611,-99.862778,7382,92.7,
Mozart,MANITOBA,4,interpolated,49.658611,-99.862778,7382,92.7,
McLean,MANITOBA,4,interpolated,49.658611,-99.862778,7382,92.7,
Orcadia,MANITOBA,4,interpolated,49.658611,-99.862778,7382,92.7,
Parkbeg,MANITOBA,4,interpolated,49.658611,-99.862778,7382,92.7,
Pasqua,MANITOBA,4,interpolated,49.658611,-99.862778,7382,92.7,
Ralph,MANITOBA,4,interpolated,49.658611,-99.862778,7382,92.7,
Revenue,MANITOBA,4,interpolated,49.658611,-99.862778,7382,92.7,
Stockholm,MANITOBA,4,interpolated,49.658611,-99.862778,7382,92.7,
Sutherland,MANITOBA,4,interpolated,49.658611,-99.862778,7382,92.7,
Thackeray,MANITOBA,4,interpolated,49.658611,-99.862778,7382,92.7,
Tregarva,MANITOBA,4,interpolated,49.658611,-99.862778,7382,92.7,
Viceroy,MANITOBA,4,interpolated,49.658611,-99.862778,7382,92.7,
Waldeck,MANITOBA,4,interpolated,49.658611,-99.862778,7382,92.7,
Wauchope,MANITOBA,4,interpolated,49.658611,-99.862778,7382,92.7,
Windthorst,MANITOBA,4,interpolated,49.658611,-99.862778,7382,92.7,
Willows,MANITOBA,4,interpolated,49.658611,-99.862778,7382,92.7,
Yeomans,MANITOBA,4,interpolated,49.658611,-99.862778,7382,92.7,
Dunrea,BRITISH COLUMBIA,4,interpolated,49.183333,-122.55,37,74.8,
Gilbert Plains,BRITISH COLUMBIA,4,interpolated,49.183333,-122.55,37,74.8,
Swan Lake,BRITISH COLUMBIA,4,interpolated,49.183333,-122.55,37,74.8,
Pontiez,SASKATCHEWAN,4,interpolated,50.466303,-105.717983,26694,182.1,
Aylesbury,MANITOBA,4,interpolated,50.145,-99.683889,2225,108.6,
Blaine Lake,MANITOBA,4,interpolated,50.145,-99.683889,2225,108.6,
Buchanan,MANITOBA,4,interpolated,50.145,-99.683889,2225,108.6,
Craik,MANITOBA,4,interpolated,50.145,-99.683889,2225,108.6,
Dinsmore,MANITOBA,4,interpolated,50.145,-99.683889,2225,108.6,
Dumplane,MANITOBA,4,interpolated,50.145,-99.683889,2225,108.6,
Dundurn,MANITOBA,4,interpolated,50.145,-99.683889,2225,108.6,
Lashburn,MANITOBA,4,interpolated,50.145,-99.683889,2225,108.6,
Maidstone,MANITOBA,4,interpolated,50.145,-99.683889,2225,108.6,
Odessa,MANITOBA,4,interpolated,50.145,-99.683889,2225,108.6,
Star City,MANITOBA,4,interpolated,50.145,-99.683889,2225,108.6,
Tisdale,MANITOBA,4,interpolated,50.145,-99.683889,2225,108.6,
Vonda,MANITOBA,4,interpolated,50.145,-99.683889,2225,108.6,
Zealandia,MANITOBA,4,interpolated,50.145,-99.683889,2225,108.6,
Eyehrbw,MANITOBA,4,interpolated,49.658611,-99.862778,7382,92.7,
Theodore,MANITOBA,4,interpolated,49.658611,-99.862778,7382,92.7,
Blackie,MANITOBA,4,interpolated,49.658611,-99.862778,7382,92.7,
Cadogan,MANITOBA,4,interpolated,49.658611,-99.862778,7382,92.7,
Carstairs,MANITOBA,4,interpolated,49.658611,-99.862778,7382,92.7,
Cayley,MANITOBA,4,interpolated,49.658611,-99.862778,7382,92.7,
Grassy Lake,MANITOBA,4,interpolated,49.658611,-99.862778,7382,92.7,
Milk River,MANITOBA,4,interpolated,49.658611,-99.862778,7382,92.7,
Retlaw,MANITOBA,4,interpolated,49.658611,-99.862778,7382,92.7,
Sedgewick,MANITOBA,4,interpolated,49.658611,-99.862778,7382,92.7,
Travers,MANITOBA,4,interpolated,49.658611,-99.862778,7382,92.7,
Veteran,MANITOBA,4,interpolated,49.658611,-99.862778,7382,92.7,
Woodhouse,MANITOBA,4,interpolated,49.658611,-99.862778,7382,92.7,
Gilroy,ALBERTA,4,interpolated,52.834167,-112.951111,509,113.4,
Gray,ALBERTA,4,interpolated,52.834167,-112.951111,509,113.4,
Lewvan,ALBERTA,4,interpolated,52.834167,-112.951111,509,113.4,
Riceton,ALBERTA,4,interpolated,52.834167,-112.951111,509,113.4,
Semaus,ALBERTA,4,interpolated,52.834167,-112.951111,509,113.4,
Yukon,MANITOBA,4,interpolated,49.658611,-99.862778,7382,92.7,
Lenaford,SASKATCHEWAN,4,interpolated,50.466303,-105.717983,26694,182.1,
Vidom,SASKATCHEWAN,4,interpolated,50.466303,-105.717983,26694,182.1,
Arquath,SASKATCHEWAN,4,interpolated,51.581741,-106.213034,5221,172.2,
Avondale,SASKATCHEWAN,4,interpolated,51.581741,-106.213034,5221,172.2,
Stern,SASKATCHEWAN,4,interpolated,51.581741,-106.213034,5221,172.2,
Mawon,SASKATCHEWAN,4,interpolated,51.298542,-105.047323,2147,152.0,
Aurora,ALBERTA,4,interpolated,50.88,-112.866667,14055,155.7,
Chauvin,MANITOBA,4,interpolated,49.998889,-99.971944,208,55.4,
Swalwell,MANITOBA,4,interpolated,49.998889,-99.971944,208,55.4,
Viking,MANITOBA,4,interpolated,49.998889,-99.971944,208,55.4,
St. M. M,MANITOBA,4,interpolated,50.145,-99.683889,2225,108.6,
elope,SASKATCHEWAN,4,interpolated,50.466303,-105.717983,26694,182.1,
Glenewan,SASKATCHEWAN,4,interpolated,50.466303,-105.717983,26694,182.1,
Eaton,SASKATCHEWAN,4,interpolated,51.581741,-106.213034,5221,172.2,
Waseen,SASKATCHEWAN,4,interpolated,51.581741,-106.213034,5221,172.2,
"Port Arthur,",BRITISH COLUMBIA,4,interpolated,49.183333,-122.55,37,74.8,
Charmain,SASKATCHEWAN,4,interpolated,50.466303,-105.717983,26694,182.1,
Rahab (See Codesa),ALBERTA,4,interpolated,55.209167,-117.321944,1183,116.4,
Lower Fort Garry,MANITOBA,4,interpolated,49.658611,-99.862778,7382,92.7,
Donovan (Birdview),SASKATCHEWAN,4,interpolated,51.616727,-105.809146,17381,184.7,
"West Saint John, N.B",QUEBEC,4,interpolated,45.508822,-73.554077,21,0.0,
ain,,3,no_province_bbox,,,0,,
Cartwright,,3,no_province_bbox,,,0,,
Crandall,,3,no_province_bbox,,,0,,
Darlingford,,3,no_province_bbox,,,0,,
Elkhorn,,3,no_province_bbox,,,0,,
Forrest,,3,no_province_bbox,,,0,,
Franklin,,3,no_province_bbox,,,0,,
Griswold,,3,no_province_bbox,,,0,,
Harding,,3,no_province_bbox,,,0,,
Hargrave,,3,no_province_bbox,,,0,,
High Bluff,,3,no_province_bbox,,,0,,
Mather,,3,no_province_bbox,,,0,,
Medora,,3,no_province_bbox,,,0,,
Thornhill,,3,no_province_bbox,,,0,,
Tilston,,3,no_province_bbox,,,0,,
Kaiser,SASKATCHEWAN,3,interpolated,50.466303,-105.717983,26694,182.1,
Bradshaw Siding,ALBERTA,3,interpolated,50.88,-112.866667,14055,155.7,
Birdtail Creek,MANITOBA,3,interpolated,50.145,-99.683889,2225,108.6,
Griffin Siding,MANITOBA,3,interpolated,49.424444,-98.014444,318,80.8,
Zenith,SASKATCHEWAN,3,interpolated,50.466303,-105.717983,26694,182.1,
Englebelt,SASKATCHEWAN,3,interpolated,51.581741,-106.213034,5221,172.2,
Franksburg,SASKATCHEWAN,3,interpolated,51.298542,-105.047323,2147,152.0,
Forwarren,MANITOBA,3,interpolated,49.658611,-99.862778,7382,92.7,
Waskatenow,ALBERTA,3,interpolated,52.583889,-112.300833,1500,125.9,
Brook,SASKATCHEWAN,3,interpolated,51.616727,-105.809146,17381,184.7,
"Tichfield..... (or ""Lyons"")",SASKATCHEWAN,3,interpolated,51.616727,-105.809146,17381,184.7,
Miami..... E.S,MANITOBA,3,interpolated,50.236667,-99.730833,3772,114.8,
McPhail,SASKATCHEWAN,3,interpolated,50.466303,-105.717983,26694,182.1,
Siding No. 2 Foam Lake Extension,SASKATCHEWAN,3,interpolated,50.466303,-105.717983,26694,182.1,
Digges,SASKATCHEWAN,3,interpolated,51.616727,-105.809146,17381,184.7,
Double Crossing,SASKATCHEWAN,3,interpolated,51.616727,-105.809146,17381,184.7,
Neuby Siding,SASKATCHEWAN,3,interpolated,51.616727,-105.809146,17381,184.7,
Siding 4-4..... (Alliance Subdivision),ALBERTA,3,interpolated,52.834167,-112.572222,6568,125.6,
Charmian,SASKATCHEWAN,3,interpolated,50.466303,-105.717983,26694,182.1,
Battrum,MANITOBA,3,interpolated,49.658611,-99.862778,7382,92.7,
Blumenhoff,MANITOBA,3,interpolated,49.658611,-99.862778,7382,92.7,
Boharm,MANITOBA,3,interpolated,49.658611,-99.862778,7382,92.7,
Broadview,MANITOBA,3,interpolated,49.658611,-99.862778,7382,92.7,
Broadacres,MANITOBA,3,interpolated,49.658611,-99.862778,7382,92.7,
Churchbridge,MANITOBA,3,interpolated,49.658611,-99.862778,7382,92.7,
Cory,MANITOBA,3,interpolated,49.658611,-99.862778,7382,92.7,
Carmichael,MANITOBA,3,interpolated,49.658611,-99.862778,7382,92.7,
Dunkirk,MANITOBA,3,interpolated,49.658611,-99.862778,7382,92.7,
Forward,MANITOBA,3,interpolated,49.658611,-99.862778,7382,92.7,
Heward,MANITOBA,3,interpolated,49.658611,-99.862778,7382,92.7,
Ibsen,MANITOBA,3,interpolated,49.658611,-99.862778,7382,92.7,
Khedive,MANITOBA,3,interpolated,49.658611,-99.862778,7382,92.7,
Landscape,MANITOBA,3,interpolated,49.658611,-99.862778,7382,92.7,
Maxim,MANITOBA,3,interpolated,49.658611,-99.862778,7382,92.7,
Pamdrum,MANITOBA,3,interpolated,49.658611,-99.862778,7382,92.7,
Pitman,MANITOBA,3,interpolated,49.658611,-99.862778,7382,92.7,
Portreeve,MANITOBA,3,interpolated,49.658611,-99.862778,7382,92.7,
Richardson,MANITOBA,3,interpolated,49.658611,-99.862778,7382,92.7,
Senlac,MANITOBA,3,interpolated,49.658611,-99.862778,7382,92.7,
Storthoaks,MANITOBA,3,interpolated,49.658611,-99.862778,7382,92.7,
Traynor,MANITOBA,3,interpolated,49.658611,-99.862778,7382,92.7,
Trossachs,MANITOBA,3,interpolated,49.658611,-99.862778,7382,92.7,
Verwood,MANITOBA,3,interpolated,49.658611,-99.862778,7382,92.7,
Valor,MANITOBA,3,interpolated,49.658611,-99.862778,7382,92.7,
Wawota,MANITOBA,3,interpolated,49.658611,-99.862778,7382,92.7,
Baldur,BRITISH COLUMBIA,3,interpolated,49.183333,-122.55,37,74.8,
Belmont,BRITISH COLUMBIA,3,interpolated,49.183333,-122.55,37,74.8,
Benito,BRITISH COLUMBIA,3,interpolated,49.183333,-122.55,37,74.8,
Fairfax,BRITISH COLUMBIA,3,interpolated,49.183333,-122.55,37,74.8,
Letellier,BRITISH COLUMBIA,3,interpolated,49.183333,-122.55,37,74.8,
Lowe Farm,BRITISH COLUMBIA,3,interpolated,49.183333,-122.55,37,74.8,
Margaret,BRITISH COLUMBIA,3,interpolated,49.183333,-122.55,37,74.8,
Miami,BRITISH COLUMBIA,3,interpolated,49.183333,-122.55,37,74.8,
Roblin,BRITISH COLUMBIA,3,interpolated,49.183333,-122.55,37,74.8,
Roland,BRITISH COLUMBIA,3,interpolated,49.183333,-122.55,37,74.8,
Rosburn,BRITISH COLUMBIA,3,interpolated,49.183333,-122.55,37,74.8,
Vista,BRITISH COLUMBIA,3,interpolated,49.183333,-122.55,37,74.8,
Pamdrum,SASKATCHEWAN,3,interpolated,50.466303,-105.717983,26694,182.1,
Ardath,MANITOBA,3,interpolated,50.145,-99.683889,2225,108.6,
Bethune,MANITOBA,3,interpolated,50.145,-99.683889,2225,108.6,
Birch Hills,MANITOBA,3,interpolated,50.145,-99.683889,2225,108.6,
Birdview,MANITOBA,3,interpolated,50.145,-99.683889,2225,108.6,
Bladworth,MANITOBA,3,interpolated,50.145,-99.683889,2225,108.6,
Calder,MANITOBA,3,interpolated,50.145,-99.683889,2225,108.6,
Condie,MANITOBA,3,interpolated,50.145,-99.683889,2225,108.6,
Dumner,MANITOBA,3,interpolated,50.145,-99.683889,2225,108.6,
Fiske,MANITOBA,3,interpolated,50.145,-99.683889,2225,108.6,
Girvin,MANITOBA,3,interpolated,50.145,-99.683889,2225,108.6,
Glenavon,MANITOBA,3,interpolated,50.145,-99.683889,2225,108.6,
Hafford,MANITOBA,3,interpolated,50.145,-99.683889,2225,108.6,
Hardy,MANITOBA,3,interpolated,50.145,-99.683889,2225,108.6,
Hearne,MANITOBA,3,interpolated,50.145,-99.683889,2225,108.6,
Houghton,MANITOBA,3,interpolated,50.145,-99.683889,2225,108.6,
Kenaston,MANITOBA,3,interpolated,50.145,-99.683889,2225,108.6,
Kinistino,MANITOBA,3,interpolated,50.145,-99.683889,2225,108.6,
Langham,MANITOBA,3,interpolated,50.145,-99.683889,2225,108.6,
Laura,MANITOBA,3,interpolated,50.145,-99.683889,2225,108.6,
Marshall,MANITOBA,3,interpolated,50.145,-99.683889,2225,108.6,
Mazenod,MANITOBA,3,interpolated,50.145,-99.683889,2225,108.6,
Montmartre,MANITOBA,3,interpolated,50.145,-99.683889,2225,108.6,
Mossbank,MANITOBA,3,interpolated,50.145,-99.683889,2225,108.6,
Muenster,MANITOBA,3,interpolated,50.145,-99.683889,2225,108.6,
McNutt,MANITOBA,3,interpolated,50.145,-99.683889,2225,108.6,
McRorie,MANITOBA,3,interpolated,50.145,-99.683889,2225,108.6,
Netherhill,MANITOBA,3,interpolated,50.145,-99.683889,2225,108.6,
Palmer,MANITOBA,3,interpolated,50.145,-99.683889,2225,108.6,
Ruddell,MANITOBA,3,interpolated,50.145,-99.683889,2225,108.6,
Swanson,MANITOBA,3,interpolated,50.145,-99.683889,2225,108.6,
Togo,MANITOBA,3,interpolated,50.145,-99.683889,2225,108.6,
Vanscoy,MANITOBA,3,interpolated,50.145,-99.683889,2225,108.6,
Verigin,MANITOBA,3,interpolated,50.145,-99.683889,2225,108.6,
Waldheim,MANITOBA,3,interpolated,50.145,-99.683889,2225,108.6,
Waseca,MANITOBA,3,interpolated,50.145,-99.683889,2225,108.6,
Wiseton,MANITOBA,3,interpolated,50.145,-99.683889,2225,108.6,
Viking,SASKATCHEWAN,3,interpolated,51.298542,-105.047323,2147,152.0,
Admiral,MANITOBA,3,interpolated,49.658611,-99.862778,7382,92.7,
Axford,MANITOBA,3,interpolated,49.658611,-99.862778,7382,92.7,
Belle Plains,MANITOBA,3,interpolated,49.658611,-99.862778,7382,92.7,
Dollard,MANITOBA,3,interpolated,49.658611,-99.862778,7382,92.7,
Estuary,MANITOBA,3,interpolated,49.658611,-99.862778,7382,92.7,
Howard,MANITOBA,3,interpolated,49.658611,-99.862778,7382,92.7,
Pambrum,MANITOBA,3,interpolated,49.658611,-99.862778,7382,92.7,
Portrevo,MANITOBA,3,interpolated,49.658611,-99.862778,7382,92.7,
Robsart,MANITOBA,3,interpolated,49.658611,-99.862778,7382,92.7,
Rokeyby,MANITOBA,3,interpolated,49.658611,-99.862778,7382,92.7,
Scotsguard,MANITOBA,3,interpolated,49.658611,-99.862778,7382,92.7,
Superb,MANITOBA,3,interpolated,49.658611,-99.862778,7382,92.7,
Trossacks,MANITOBA,3,interpolated,49.658611,-99.862778,7382,92.7,
Alderson,MANITOBA,3,interpolated,49.658611,-99.862778,7382,92.7,
Beiseker,MANITOBA,3,interpolated,49.658611,-99.862778,7382,92.7,
Botha,MANITOBA,3,interpolated,49.658611,-99.862778,7382,92.7,
Bow Island,MANITOBA,3,interpolated,49.658611,-99.862778,7382,92.7,
Brant,MANITOBA,3,interpolated,49.658611,-99.862778,7382,92.7,
Burdette,MANITOBA,3,interpolated,49.658611,-99.862778,7382,92.7,
Carseland,MANITOBA,3,interpolated,49.658611,-99.862778,7382,92.7,
Castor,MANITOBA,3,interpolated,49.658611,-99.862778,7382,92.7,
Cluny,MANITOBA,3,interpolated,49.658611,-99.862778,7382,92.7,
Hayter,MANITOBA,3,interpolated,49.658611,-99.862778,7382,92.7,
Kirkcaldy,MANITOBA,3,interpolated,49.658611,-99.862778,7382,92.7,
Lougheed,MANITOBA,3,interpolated,49.658611,-99.862778,7382,92.7,
Macleod,MANITOBA,3,interpolated,49.658611,-99.862778,7382,92.7,
Magrath,MANITOBA,3,interpolated,49.658611,-99.862778,7382,92.7,
Monarch,MANITOBA,3,interpolated,49.658611,-99.862778,7382,92.7,
New Dayton,MANITOBA,3,interpolated,49.658611,-99.862778,7382,92.7,
Nobleford,MANITOBA,3,interpolated,49.658611,-99.862778,7382,92.7,
Nemiscan,MANITOBA,3,interpolated,49.658611,-99.862778,7382,92.7,
Pincher,MANITOBA,3,interpolated,49.658611,-99.862778,7382,92.7,
Purple Springs,MANITOBA,3,interpolated,49.658611,-99.862778,7382,92.7,
Staveley,MANITOBA,3,interpolated,49.658611,-99.862778,7382,92.7,
Strome,MANITOBA,3,interpolated,49.658611,-99.862778,7382,92.7,
Taber,MANITOBA,3,interpolated,49.658611,-99.862778,7382,92.7,
Warner,MANITOBA,3,interpolated,49.658611,-99.862778,7382,92.7,
Winnifred,MANITOBA,3,interpolated,49.658611,-99.862778,7382,92.7,
Brisbane,SASKATCHEWAN,3,interpolated,51.581741,-106.213034,5221,172.2,
Spruce Grove Centre,ALBERTA,3,interpolated,52.583889,-112.300833,1500,125.9,
Bangor,ALBERTA,3,interpolated,52.834167,-112.951111,509,113.4,
Bechard,ALBERTA,3,interpolated,52.834167,-112.951111,509,113.4,
Bradwell,ALBERTA,3,interpolated,52.834167,-112.951111,509,113.4,
Cedoux,ALBERTA,3,interpolated,52.834167,-112.951111,509,113.4,
Colfax,ALBERTA,3,interpolated,52.834167,-112.951111,509,113.4,
Cudworth,ALBERTA,3,interpolated,52.834167,-112.951111,509,113.4,
Darmody,ALBERTA,3,interpolated,52.834167,-112.951111,509,113.4,
Estlin,ALBERTA,3,interpolated,52.834167,-112.951111,509,113.4,
Gerald,ALBERTA,3,interpolated,52.834167,-112.951111,509,113.4,
Landis,ALBERTA,3,interpolated,52.834167,-112.951111,509,113.4,
Lawson,ALBERTA,3,interpolated,52.834167,-112.951111,509,113.4,
Melville,ALBERTA,3,interpolated,52.834167,-112.951111,509,113.4,
Raymore,ALBERTA,3,interpolated,52.834167,-112.951111,509,113.4,
Regina-Gilroy Br,ALBERTA,3,interpolated,52.834167,-112.951111,509,113.4,
Springwater,ALBERTA,3,interpolated,52.834167,-112.951111,509,113.4,
Spy Hill,ALBERTA,3,interpolated,52.834167,-112.951111,509,113.4,
Tate,ALBERTA,3,interpolated,52.834167,-112.951111,509,113.4,
Venn,ALBERTA,3,interpolated,52.834167,-112.951111,509,113.4,
Wakow,ALBERTA,3,interpolated,52.834167,-112.951111,509,113.4,
Waldron,ALBERTA,3,interpolated,52.834167,-112.951111,509,113.4,
Zelma,ALBERTA,3,interpolated,52.834167,-112.951111,509,113.4,
Gretna West,MANITOBA,3,interpolated,49.424444,-98.014444,318,80.8,
Pancras,ALBERTA,3,interpolated,50.88,-112.866667,14055,155.7,
Eli,MANITOBA,3,interpolated,50.145,-99.683889,2225,108.6,
Atalia,SASKATCHEWAN,3,interpolated,50.466303,-105.717983,26694,182.1,
Bronclacres,SASKATCHEWAN,3,interpolated,50.466303,-105.717983,26694,182.1,
Habart,SASKATCHEWAN,3,interpolated,50.466303,-105.717983,26694,182.1,
Kandianar,SASKATCHEWAN,3,interpolated,50.466303,-105.717983,26694,182.1,
Whitehead,SASKATCHEWAN,3,interpolated,50.466303,-105.717983,26694,182.1,
Holbeck,SASKATCHEWAN,3,interpolated,51.581741,-106.213034,5221,172.2,
Steelesbrook,SASKATCHEWAN,3,interpolated,51.581741,-106.213034,5221,172.2,
Collins,SASKATCHEWAN,3,interpolated,51.298542,-105.047323,2147,152.0,
Bascanne,ALBERTA,3,interpolated,50.88,-112.866667,14055,155.7,
Edgerton,MANITOBA,3,interpolated,49.998889,-99.971944,208,55.4,
Grainger,MANITOBA,3,interpolated,49.998889,-99.971944,208,55.4,
Heath,MANITOBA,3,interpolated,49.998889,-99.971944,208,55.4,
Huxley,MANITOBA,3,interpolated,49.998889,-99.971944,208,55.4,
Three Hills,MANITOBA,3,interpolated,49.998889,-99.971944,208,55.4,
Trochu,MANITOBA,3,interpolated,49.998889,-99.971944,208,55.4,
Maimi,MANITOBA,3,interpolated,50.145,-99.683889,2225,108.6,
rtler,SASKATCHEWAN,3,interpolated,50.466303,-105.717983,26694,182.1,
Kootuk,ALBERTA,3,interpolated,50.88,-112.866667,14055,155.7,
Shainrock,SASKATCHEWAN,3,interpolated,50.466303,-105.717983,26694,182.1,
Calverley,ALBERTA,3,interpolated,50.88,-112.866667,14055,155.7,
Alcock,ALBERTA,3,interpolated,52.834167,-112.572222,6568,125.6,
"St. John, N.B",QUEBEC,3,too_few_neighbors,,,0,,
Tichfield (See Lyons),SASKATCHEWAN,3,interpolated,51.616727,-105.809146,17381,184.7,
Mileage 10.3,ALBERTA,3,interpolated,52.834167,-112.572222,6568,125.6,
Mileage 4.4,ALBERTA,3,interpolated,52.834167,-112.572222,6568,125.6,
Mile 102-2,SASKATCHEWAN,3,interpolated,51.616727,-105.809146,17381,184.7,
Donovan(Birdview),SASKATCHEWAN,3,interpolated,51.616727,-105.809146,17381,184.7,
Arden,,2,no_province_bbox,,,0,,
Arnaud,,2,no_province_bbox,,,0,,
Arrow River,,2,no_province_bbox,,,0,,
ofd,,2,no_province_bbox,,,0,,
ale,,2,no_province_bbox,,,0,,
Mill,,2,no_province_bbox,,,0,,
Chater,,2,no_province_bbox,,,0,,
Clearwater,,2,no_province_bbox,,,0,,
Deleau,,2,no_province_bbox,,,0,,
Edrans,,2,no_province_bbox,,,0,,
Fannystelle,,2,no_province_bbox,,,0,,
Harrowby,,2,no_province_bbox,,,0,,
Holmfield,,2,no_province_bbox,,,0,,
Kelloe,,2,no_province_bbox,,,0,,
Keyes,,2,no_province_bbox,,,0,,
Methven,,2,no_province_bbox,,,0,,
Mowbray,,2,no_province_bbox,,,0,,
Naples,,2,no_province_bbox,,,0,,
Nesbitt,,2,no_province_bbox,,,0,,
Sidney,,2,no_province_bbox,,,0,,
Sinclair,,2,no_province_bbox,,,0,,
Starbuck,,2,no_province_bbox,,,0,,
Stockton,,2,no_province_bbox,,,0,,
Reinzi,SASKATCHEWAN,2,interpolated,50.466303,-105.717983,26694,182.1,
Elliots,MANITOBA,2,interpolated,50.145,-99.683889,2225,108.6,
Lovatt,SASKATCHEWAN,2,interpolated,51.581741,-106.213034,5221,172.2,
Sternaway,SASKATCHEWAN,2,interpolated,51.581741,-106.213034,5221,172.2,
Stevens,SASKATCHEWAN,2,interpolated,51.581741,-106.213034,5221,172.2,
Willis,SASKATCHEWAN,2,interpolated,51.581741,-106.213034,5221,172.2,
Keevatin,ALBERTA,2,interpolated,52.834167,-112.951111,509,113.4,
Kenora,ALBERTA,2,interpolated,52.834167,-112.951111,509,113.4,
Engen Sdg,SASKATCHEWAN,2,interpolated,50.466303,-105.717983,26694,182.1,
Keddestone,SASKATCHEWAN,2,interpolated,50.466303,-105.717983,26694,182.1,
Lickford,SASKATCHEWAN,2,interpolated,51.581741,-106.213034,5221,172.2,
Pleasant Valley,SASKATCHEWAN,2,interpolated,51.581741,-106.213034,5221,172.2,
1st Siding South of Melfort,SASKATCHEWAN,2,interpolated,51.581741,-106.213034,5221,172.2,
Vancouver,MANITOBA,2,interpolated,49.424444,-98.014444,318,80.8,
Coblentz,SASKATCHEWAN,2,interpolated,51.298542,-105.047323,2147,152.0,
Station. 1,QUEBEC,2,interpolated,45.508822,-73.554077,9,0.0,
Siding M. 202,MANITOBA,2,interpolated,50.145,-99.683889,2225,108.6,
Una,MANITOBA,2,interpolated,49.998889,-99.971944,208,55.4,
Carolside,SASKATCHEWAN,2,interpolated,51.581741,-106.213034,5221,172.2,
North Transcona,ONTARIO,2,interpolated,48.354336,-89.262676,322,8.8,
Transcona,ONTARIO,2,interpolated,48.354336,-89.262676,322,8.8,
St. Boniface,ONTARIO,2,interpolated,48.354336,-89.262676,322,8.8,
Titian,ONTARIO,2,interpolated,48.354336,-89.262676,322,8.8,
McLean (Deepdale),MANITOBA,2,interpolated,50.236667,-99.730833,3772,114.8,
Deveroux,SASKATCHEWAN,2,interpolated,50.466303,-105.717983,26694,182.1,
Mechoché,ALBERTA,2,interpolated,52.834167,-112.572222,6568,125.6,
Battle River,SASKATCHEWAN,2,interpolated,50.466303,-105.717983,26694,182.1,
Bellwood,SASKATCHEWAN,2,interpolated,50.466303,-105.717983,26694,182.1,
Pultenay Sdg,ALBERTA,2,interpolated,50.88,-112.866667,14055,155.7,
Dodson,ALBERTA,2,interpolated,52.834167,-112.572222,6568,125.6,
Pultenay Siding,ALBERTA,2,interpolated,50.88,-112.866667,14055,155.7,
"West St. John, N.B.,",QUEBEC,2,interpolated,45.508822,-73.554077,9,0.0,
St. Boniface Mfg. E,MANITOBA,2,interpolated,49.658611,-99.862778,7382,92.7,
E.S,MANITOBA,2,interpolated,50.236667,-99.730833,3772,114.8,
Sonnenfeld,SASKATCHEWAN,2,interpolated,50.466303,-105.717983,26694,182.1,
Alliance Sub. (Siding 4-4),ALBERTA,2,interpolated,52.834167,-112.572222,6568,125.6,
"West St. John, N.B. X",QUEBEC,2,interpolated,45.508822,-73.554077,9,0.0,
Mfg. E,SASKATCHEWAN,2,interpolated,50.466303,-105.717983,26694,182.1,
Mazetta,ALBERTA,2,interpolated,50.88,-112.866667,14055,155.7,
Dipples,MANITOBA,2,interpolated,50.236667,-99.730833,3772,114.8,
Hanson..... (Bagley),SASKATCHEWAN,2,interpolated,50.466303,-105.717983,26694,182.1,
Mile 46 Aberdeen-Melfort Branch,SASKATCHEWAN,2,interpolated,51.616727,-105.809146,17381,184.7,
Hart Siding,ALBERTA,2,interpolated,52.834167,-112.572222,6568,125.6,
Heenan,ALBERTA,2,interpolated,52.834167,-112.572222,6568,125.6,
Langley,ALBERTA,2,interpolated,52.834167,-112.572222,6568,125.6,
"West Saint John, N.B",ONTARIO,2,interpolated,48.354336,-89.262676,322,8.8,
Adair,MANITOBA,2,interpolated,49.658611,-99.862778,7382,92.7,
Aikens,MANITOBA,2,interpolated,49.658611,-99.862778,7382,92.7,
Aiktow,MANITOBA,2,interpolated,49.658611,-99.862778,7382,92.7,
Alida,MANITOBA,2,interpolated,49.658611,-99.862778,7382,92.7,
Buttress,MANITOBA,2,interpolated,49.658611,-99.862778,7382,92.7,
Bromhead,MANITOBA,2,interpolated,49.658611,-99.862778,7382,92.7,
Cheviot,MANITOBA,2,interpolated,49.658611,-99.862778,7382,92.7,
Cloan,MANITOBA,2,interpolated,49.658611,-99.862778,7382,92.7,
Cardell,MANITOBA,2,interpolated,49.658611,-99.862778,7382,92.7,
Dunelm,MANITOBA,2,interpolated,49.658611,-99.862778,7382,92.7,
Esk,MANITOBA,2,interpolated,49.658611,-99.862778,7382,92.7,
Ermine,MANITOBA,2,interpolated,49.658611,-99.862778,7382,92.7,
Floral,MANITOBA,2,interpolated,49.658611,-99.862778,7382,92.7,
Freemantle,MANITOBA,2,interpolated,49.658611,-99.862778,7382,92.7,
Frys,MANITOBA,2,interpolated,49.658611,-99.862778,7382,92.7,
Gibbs,MANITOBA,2,interpolated,49.658611,-99.862778,7382,92.7,
Glasnevin,MANITOBA,2,interpolated,49.658611,-99.862778,7382,92.7,
Horizon,MANITOBA,2,interpolated,49.658611,-99.862778,7382,92.7,
Hume,MANITOBA,2,interpolated,49.658611,-99.862778,7382,92.7,
Insinger,MANITOBA,2,interpolated,49.658611,-99.862778,7382,92.7,
Kaiser,MANITOBA,2,interpolated,49.658611,-99.862778,7382,92.7,
Keddlestone,MANITOBA,2,interpolated,49.658611,-99.862778,7382,92.7,
Kincorth,MANITOBA,2,interpolated,49.658611,-99.862778,7382,92.7,
Kinley,MANITOBA,2,interpolated,49.658611,-99.862778,7382,92.7,
Marchwell,MANITOBA,2,interpolated,49.658611,-99.862778,7382,92.7,
Nottingham,MANITOBA,2,interpolated,49.658611,-99.862778,7382,92.7,
Oakshella,MANITOBA,2,interpolated,49.658611,-99.862778,7382,92.7,
Percival,MANITOBA,2,interpolated,49.658611,-99.862778,7382,92.7,
Pilot Butte,MANITOBA,2,interpolated,49.658611,-99.862778,7382,92.7,
Pinkie,MANITOBA,2,interpolated,49.658611,-99.862778,7382,92.7,
Renown,MANITOBA,2,interpolated,49.658611,-99.862778,7382,92.7,
Roche Percee,MANITOBA,2,interpolated,49.658611,-99.862778,7382,92.7,
Rokeby,MANITOBA,2,interpolated,49.658611,-99.862778,7382,92.7,
Steppes,MANITOBA,2,interpolated,49.658611,-99.862778,7382,92.7,
Swinbourne,MANITOBA,2,interpolated,49.658611,-99.862778,7382,92.7,
Tuffnell,MANITOBA,2,interpolated,49.658611,-99.862778,7382,92.7,
Uren,MANITOBA,2,interpolated,49.658611,-99.862778,7382,92.7,
Valjean,MANITOBA,2,interpolated,49.658611,-99.862778,7382,92.7,
Walpole,MANITOBA,2,interpolated,49.658611,-99.862778,7382,92.7,
Wolfe,MANITOBA,2,interpolated,49.658611,-99.862778,7382,92.7,
Westerham,MANITOBA,2,interpolated,49.658611,-99.862778,7382,92.7,
Zenith,MANITOBA,2,interpolated,49.658611,-99.862778,7382,92.7,
Angusville,BRITISH COLUMBIA,2,interpolated,49.183333,-122.55,37,74.8,
Argue,BRITISH COLUMBIA,2,interpolated,49.183333,-122.55,37,74.8,
Ashville,BRITISH COLUMBIA,2,interpolated,49.183333,-122.55,37,74.8,
Berton,BRITISH COLUMBIA,2,interpolated,49.183333,-122.55,37,74.8,
Brunkild,BRITISH COLUMBIA,2,interpolated,49.183333,-122.55,37,74.8,
Durban,BRITISH COLUMBIA,2,interpolated,49.183333,-122.55,37,74.8,
Eden,BRITISH COLUMBIA,2,interpolated,49.183333,-122.55,37,74.8,
Endcliffe,BRITISH COLUMBIA,2,interpolated,49.183333,-122.55,37,74.8,
Ethelbert,BRITISH COLUMBIA,2,interpolated,49.183333,-122.55,37,74.8,
Giroux,BRITISH COLUMBIA,2,interpolated,49.183333,-122.55,37,74.8,
Glenella,BRITISH COLUMBIA,2,interpolated,49.183333,-122.55,37,74.8,
Hilton,BRITISH COLUMBIA,2,interpolated,49.183333,-122.55,37,74.8,
Isabella,BRITISH COLUMBIA,2,interpolated,49.183333,-122.55,37,74.8,
Kelwood,BRITISH COLUMBIA,2,interpolated,49.183333,-122.55,37,74.8,
Kenville,BRITISH COLUMBIA,2,interpolated,49.183333,-122.55,37,74.8,
Lavinia,BRITISH COLUMBIA,2,interpolated,49.183333,-122.55,37,74.8,
Makinak,BRITISH COLUMBIA,2,interpolated,49.183333,-122.55,37,74.8,
Marieapolis,BRITISH COLUMBIA,2,interpolated,49.183333,-122.55,37,74.8,
Moline,BRITISH COLUMBIA,2,interpolated,49.183333,-122.55,37,74.8,
Myrtle,BRITISH COLUMBIA,2,interpolated,49.183333,-122.55,37,74.8,
Ninette,BRITISH COLUMBIA,2,interpolated,49.183333,-122.55,37,74.8,
Oakburn,BRITISH COLUMBIA,2,interpolated,49.183333,-122.55,37,74.8,
Oakville,BRITISH COLUMBIA,2,interpolated,49.183333,-122.55,37,74.8,
Ogilvie,BRITISH COLUMBIA,2,interpolated,49.183333,-122.55,37,74.8,
Pumas,BRITISH COLUMBIA,2,interpolated,49.183333,-122.55,37,74.8,
Rosebank,BRITISH COLUMBIA,2,interpolated,49.183333,-122.55,37,74.8,
St. Jean,BRITISH COLUMBIA,2,interpolated,49.183333,-122.55,37,74.8,
Sandy Lake,BRITISH COLUMBIA,2,interpolated,49.183333,-122.55,37,74.8,
Warren,BRITISH COLUMBIA,2,interpolated,49.183333,-122.55,37,74.8,
Oxen,ALBERTA,2,interpolated,52.583889,-112.300833,1500,125.9,
Forgray,SASKATCHEWAN,2,interpolated,51.298542,-105.047323,2147,152.0,
Fee,SASKATCHEWAN,2,interpolated,51.298542,-105.047323,2147,152.0,
Keewatan,BRITISH COLUMBIA,2,interpolated,49.261111,-123.113889,10,0.0,
Kenora,BRITISH COLUMBIA,2,interpolated,49.261111,-123.113889,10,0.0,
Keddlestone,SASKATCHEWAN,2,interpolated,50.466303,-105.717983,26694,182.1,
Alaska,MANITOBA,2,interpolated,50.145,-99.683889,2225,108.6,
Anerley,MANITOBA,2,interpolated,50.145,-99.683889,2225,108.6,
Arran,MANITOBA,2,interpolated,50.145,-99.683889,2225,108.6,
Baldon,MANITOBA,2,interpolated,50.145,-99.683889,2225,108.6,
Beadle,MANITOBA,2,interpolated,50.145,-99.683889,2225,108.6,
Bratton,MANITOBA,2,interpolated,50.145,-99.683889,2225,108.6,
Brooking,MANITOBA,2,interpolated,50.145,-99.683889,2225,108.6,
Bruno,MANITOBA,2,interpolated,50.145,-99.683889,2225,108.6,
Candiac,MANITOBA,2,interpolated,50.145,-99.683889,2225,108.6,
Chamberlain,MANITOBA,2,interpolated,50.145,-99.683889,2225,108.6,
Colgate,MANITOBA,2,interpolated,50.145,-99.683889,2225,108.6,
D'Arcy,MANITOBA,2,interpolated,50.145,-99.683889,2225,108.6,
Disley,MANITOBA,2,interpolated,50.145,-99.683889,2225,108.6,
Doonside,MANITOBA,2,interpolated,50.145,-99.683889,2225,108.6,
Edam,MANITOBA,2,interpolated,50.145,-99.683889,2225,108.6,
Ettington,MANITOBA,2,interpolated,50.145,-99.683889,2225,108.6,
Fairmount,MANITOBA,2,interpolated,50.145,-99.683889,2225,108.6,
Fielding,MANITOBA,2,interpolated,50.145,-99.683889,2225,108.6,
Flaxcombe,MANITOBA,2,interpolated,50.145,-99.683889,2225,108.6,
Forgan,MANITOBA,2,interpolated,50.145,-99.683889,2225,108.6,
Hague,MANITOBA,2,interpolated,50.145,-99.683889,2225,108.6,
Hepburn,MANITOBA,2,interpolated,50.145,-99.683889,2225,108.6,
Indi,MANITOBA,2,interpolated,50.145,-99.683889,2225,108.6,
Kendal,MANITOBA,2,interpolated,50.145,-99.683889,2225,108.6,
Leask,MANITOBA,2,interpolated,50.145,-99.683889,2225,108.6,
Marcelin,MANITOBA,2,interpolated,50.145,-99.683889,2225,108.6,
Marengo,MANITOBA,2,interpolated,50.145,-99.683889,2225,108.6,
Maymont,MANITOBA,2,interpolated,50.145,-99.683889,2225,108.6,
Mikado,MANITOBA,2,interpolated,50.145,-99.683889,2225,108.6,
Mitchelton,MANITOBA,2,interpolated,50.145,-99.683889,2225,108.6,
Moreland,MANITOBA,2,interpolated,50.145,-99.683889,2225,108.6,
McGee,MANITOBA,2,interpolated,50.145,-99.683889,2225,108.6,
Naisberry,MANITOBA,2,interpolated,50.145,-99.683889,2225,108.6,
Norquay,MANITOBA,2,interpolated,50.145,-99.683889,2225,108.6,
Osler,MANITOBA,2,interpolated,50.145,-99.683889,2225,108.6,
Parkside,MANITOBA,2,interpolated,50.145,-99.683889,2225,108.6,
Pathlow,MANITOBA,2,interpolated,50.145,-99.683889,2225,108.6,
Panyton,MANITOBA,2,interpolated,50.145,-99.683889,2225,108.6,
Pinkham,MANITOBA,2,interpolated,50.145,-99.683889,2225,108.6,
Quill Lake,MANITOBA,2,interpolated,50.145,-99.683889,2225,108.6,
Rhein,MANITOBA,2,interpolated,50.145,-99.683889,2225,108.6,
Richard,MANITOBA,2,interpolated,50.145,-99.683889,2225,108.6,
Ridpath,MANITOBA,2,interpolated,50.145,-99.683889,2225,108.6,
St. Gregor,MANITOBA,2,interpolated,50.145,-99.683889,2225,108.6,
Stenen,MANITOBA,2,interpolated,50.145,-99.683889,2225,108.6,
Stornoway,MANITOBA,2,interpolated,50.145,-99.683889,2225,108.6,
Tilney,MANITOBA,2,interpolated,50.145,-99.683889,2225,108.6,
Truax,MANITOBA,2,interpolated,50.145,-99.683889,2225,108.6,
Vawn,MANITOBA,2,interpolated,50.145,-99.683889,2225,108.6,
Vibank,MANITOBA,2,interpolated,50.145,-99.683889,2225,108.6,
Willmar,MANITOBA,2,interpolated,50.145,-99.683889,2225,108.6,
Rosebud Creek,ALBERTA,2,interpolated,52.583889,-112.300833,1500,125.9,
Bashaw,SASKATCHEWAN,2,interpolated,51.298542,-105.047323,2147,152.0,
Bruce,SASKATCHEWAN,2,interpolated,51.298542,-105.047323,2147,152.0,
Chauvin,SASKATCHEWAN,2,interpolated,51.298542,-105.047323,2147,152.0,
Edgerton,SASKATCHEWAN,2,interpolated,51.298542,-105.047323,2147,152.0,
Swalwell,SASKATCHEWAN,2,interpolated,51.298542,-105.047323,2147,152.0,
Three Hills,SASKATCHEWAN,2,interpolated,51.298542,-105.047323,2147,152.0,
North Transcona,BRITISH COLUMBIA,2,interpolated,49.261111,-123.113889,10,0.0,
Stations. 4,ONTARIO,2,interpolated,48.354336,-89.262676,322,8.8,
"Alida,",MANITOBA,2,interpolated,49.658611,-99.862778,7382,92.7,
Consul,MANITOBA,2,interpolated,49.658611,-99.862778,7382,92.7,
Gouverneur,MANITOBA,2,interpolated,49.658611,-99.862778,7382,92.7,
Instow,MANITOBA,2,interpolated,49.658611,-99.862778,7382,92.7,
Keddleston,MANITOBA,2,interpolated,49.658611,-99.862778,7382,92.7,
Sidewood,MANITOBA,2,interpolated,49.658611,-99.862778,7382,92.7,
Tantallon,MANITOBA,2,interpolated,49.658611,-99.862778,7382,92.7,
Torquay,MANITOBA,2,interpolated,49.658611,-99.862778,7382,92.7,
Amisk,MANITOBA,2,interpolated,49.658611,-99.862778,7382,92.7,
Bawlf,MANITOBA,2,interpolated,49.658611,-99.862778,7382,92.7,
Cheadle,MANITOBA,2,interpolated,49.658611,-99.862778,7382,92.7,
Coaldale,MANITOBA,2,interpolated,49.658611,-99.862778,7382,92.7,
Consort,MANITOBA,2,interpolated,49.658611,-99.862778,7382,92.7,
Hobbema,MANITOBA,2,interpolated,49.658611,-99.862778,7382,92.7,
Hughenden,MANITOBA,2,interpolated,49.658611,-99.862778,7382,92.7,
Indus,MANITOBA,2,interpolated,49.658611,-99.862778,7382,92.7,
Irvine,MANITOBA,2,interpolated,49.658611,-99.862778,7382,92.7,
Iddesleigh,MANITOBA,2,interpolated,49.658611,-99.862778,7382,92.7,
Jenner,MANITOBA,2,interpolated,49.658611,-99.862778,7382,92.7,
Kerrimuir,MANITOBA,2,interpolated,49.658611,-99.862778,7382,92.7,
Loyalist,MANITOBA,2,interpolated,49.658611,-99.862778,7382,92.7,
Mazeppa,MANITOBA,2,interpolated,49.658611,-99.862778,7382,92.7,
Namaka,MANITOBA,2,interpolated,49.658611,-99.862778,7382,92.7,
Ohaton,MANITOBA,2,interpolated,49.658611,-99.862778,7382,92.7,
Okotoks,MANITOBA,2,interpolated,49.658611,-99.862778,7382,92.7,
Penhold,MANITOBA,2,interpolated,49.658611,-99.862778,7382,92.7,
Ponoka,MANITOBA,2,interpolated,49.658611,-99.862778,7382,92.7,
Raley,MANITOBA,2,interpolated,49.658611,-99.862778,7382,92.7,
Seven Persons,MANITOBA,2,interpolated,49.658611,-99.862778,7382,92.7,
Welling,MANITOBA,2,interpolated,49.658611,-99.862778,7382,92.7,
Whitla,MANITOBA,2,interpolated,49.658611,-99.862778,7382,92.7,
Elliott's Siding,MANITOBA,2,interpolated,50.145,-99.683889,2225,108.6,
Wasewa,MANITOBA,2,interpolated,50.145,-99.683889,2225,108.6,
Strong's Sdg,SASKATCHEWAN,2,interpolated,51.581741,-106.213034,5221,172.2,
Justice,ALBERTA,2,interpolated,52.834167,-112.951111,509,113.4,
Lazare,ALBERTA,2,interpolated,52.834167,-112.951111,509,113.4,
Argo,ALBERTA,2,interpolated,52.834167,-112.951111,509,113.4,
Atwater,ALBERTA,2,interpolated,52.834167,-112.951111,509,113.4,
Benson,ALBERTA,2,interpolated,52.834167,-112.951111,509,113.4,
Birmingham,ALBERTA,2,interpolated,52.834167,-112.951111,509,113.4,
Clavet,ALBERTA,2,interpolated,52.834167,-112.951111,509,113.4,
Coblentz,ALBERTA,2,interpolated,52.834167,-112.951111,509,113.4,
Coleville,ALBERTA,2,interpolated,52.834167,-112.951111,509,113.4,
Domremy,ALBERTA,2,interpolated,52.834167,-112.951111,509,113.4,
Driver,ALBERTA,2,interpolated,52.834167,-112.951111,509,113.4,
Ebenezer,ALBERTA,2,interpolated,52.834167,-112.951111,509,113.4,
Edgeley,ALBERTA,2,interpolated,52.834167,-112.951111,509,113.4,
Eskbank,ALBERTA,2,interpolated,52.834167,-112.951111,509,113.4,
Goodeve,ALBERTA,2,interpolated,52.834167,-112.951111,509,113.4,
Huntoon,ALBERTA,2,interpolated,52.834167,-112.951111,509,113.4,
Itune,ALBERTA,2,interpolated,52.834167,-112.951111,509,113.4,
Juniata,ALBERTA,2,interpolated,52.834167,-112.951111,509,113.4,
Kelliber,ALBERTA,2,interpolated,52.834167,-112.951111,509,113.4,
Kinley,ALBERTA,2,interpolated,52.834167,-112.951111,509,113.4,
Lake Valley,ALBERTA,2,interpolated,52.834167,-112.951111,509,113.4,
Leney,ALBERTA,2,interpolated,52.834167,-112.951111,509,113.4,
Lestock,ALBERTA,2,interpolated,52.834167,-112.951111,509,113.4,
Millerdale,ALBERTA,2,interpolated,52.834167,-112.951111,509,113.4,
Normanton,ALBERTA,2,interpolated,52.834167,-112.951111,509,113.4,
Otthon,ALBERTA,2,interpolated,52.834167,-112.951111,509,113.4,
Punnichy,ALBERTA,2,interpolated,52.834167,-112.951111,509,113.4,
Quinton,ALBERTA,2,interpolated,52.834167,-112.951111,509,113.4,
Rainton,ALBERTA,2,interpolated,52.834167,-112.951111,509,113.4,
Reford,ALBERTA,2,interpolated,52.834167,-112.951111,509,113.4,
Rowatt,ALBERTA,2,interpolated,52.834167,-112.951111,509,113.4,
Steelman,ALBERTA,2,interpolated,52.834167,-112.951111,509,113.4,
Stony Beach,ALBERTA,2,interpolated,52.834167,-112.951111,509,113.4,
Tako,ALBERTA,2,interpolated,52.834167,-112.951111,509,113.4,
Viewfield,ALBERTA,2,interpolated,52.834167,-112.951111,509,113.4,
Griffen,MANITOBA,2,interpolated,49.424444,-98.014444,318,80.8,
"West St. John, N. B",ONTARIO,2,interpolated,48.354336,-89.262676,322,8.8,
Phone Hill,SASKATCHEWAN,2,interpolated,51.581741,-106.213034,5221,172.2,
Strong Sdg,SASKATCHEWAN,2,interpolated,51.581741,-106.213034,5221,172.2,
"W. St. John, N.B",QUEBEC,2,interpolated,45.508822,-73.554077,9,0.0,
Arlet,SASKATCHEWAN,2,interpolated,50.466303,-105.717983,26694,182.1,
Biera,SASKATCHEWAN,2,interpolated,50.466303,-105.717983,26694,182.1,
Gionnel,SASKATCHEWAN,2,interpolated,50.466303,-105.717983,26694,182.1,
Brocking,SASKATCHEWAN,2,interpolated,51.581741,-106.213034,5221,172.2,
Conder,SASKATCHEWAN,2,interpolated,51.581741,-106.213034,5221,172.2,
Hvas,SASKATCHEWAN,2,interpolated,51.581741,-106.213034,5221,172.2,
Lampiran,SASKATCHEWAN,2,interpolated,51.581741,-106.213034,5221,172.2,
Lipsort,SASKATCHEWAN,2,interpolated,51.581741,-106.213034,5221,172.2,
Rumyrade,SASKATCHEWAN,2,interpolated,51.581741,-106.213034,5221,172.2,
Tiev,SASKATCHEWAN,2,interpolated,51.581741,-106.213034,5221,172.2,
Fleott,SASKATCHEWAN,2,interpolated,51.298542,-105.047323,2147,152.0,
Johanna,SASKATCHEWAN,2,interpolated,51.298542,-105.047323,2147,152.0,
Newfield,SASKATCHEWAN,2,interpolated,51.298542,-105.047323,2147,152.0,
Fincastric,ALBERTA,2,interpolated,50.88,-112.866667,14055,155.7,
Innistrue,ALBERTA,2,interpolated,52.583889,-112.300833,1500,125.9,
Mechechen,ALBERTA,2,interpolated,52.583889,-112.300833,1500,125.9,
Bass Lake,MANITOBA,2,interpolated,49.998889,-99.971944,208,55.4,
Bruce,MANITOBA,2,interpolated,49.998889,-99.971944,208,55.4,
Elmora,MANITOBA,2,interpolated,49.998889,-99.971944,208,55.4,
Jarrow,MANITOBA,2,interpolated,49.998889,-99.971944,208,55.4,
New Norway,MANITOBA,2,interpolated,49.998889,-99.971944,208,55.4,
Ribstone,MANITOBA,2,interpolated,49.998889,-99.971944,208,55.4,
Wainwright,MANITOBA,2,interpolated,49.998889,-99.971944,208,55.4,
St. B. M,MANITOBA,2,interpolated,50.145,-99.683889,2225,108.6,
allet,SASKATCHEWAN,2,interpolated,50.466303,-105.717983,26694,182.1,
Hoblema,ALBERTA,2,interpolated,50.88,-112.866667,14055,155.7,
Mezappa,ALBERTA,2,interpolated,50.88,-112.866667,14055,155.7,
Calgary,BRITISH COLUMBIA,2,too_few_neighbors,,,0,,
Winnipeg,BRITISH COLUMBIA,2,too_few_neighbors,,,0,,
Mecherche,ALBERTA,2,interpolated,52.583889,-112.300833,1500,125.9,
Lenore Lake,MANITOBA,2,interpolated,49.658611,-99.862778,7382,92.7,
St. Alpehe,SASKATCHEWAN,2,interpolated,50.466303,-105.717983,26694,182.1,
Young's Siding...*,SASKATCHEWAN,2,interpolated,51.616727,-105.809146,17381,184.7,
Bradshaw.....(A),ALBERTA,2,interpolated,50.88,-112.866667,14055,155.7,
Charbonneau,ALBERTA,2,interpolated,52.834167,-112.572222,6568,125.6,
Fann,ALBERTA,2,interpolated,52.834167,-112.572222,6568,125.6,
Selanders Siding,SASKATCHEWAN,2,interpolated,50.466303,-105.717983,26694,182.1,
Ashbury,,1,no_province_bbox,,,0,,
Balmoral,,1,no_province_bbox,,,0,,
jour,,1,no_province_bbox,,,0,,
icensed,,1,no_province_bbox,,,0,,
Coulter,,1,no_province_bbox,,,0,,
Chillon Siding,,1,no_province_bbox,,,0,,
Dufrost,,1,no_province_bbox,,,0,,
Ebor,,1,no_province_bbox,,,0,,
Ewart,,1,no_province_bbox,,,0,,
East Selkirk,,1,no_province_bbox,,,0,,
Findlay,,1,no_province_bbox,,,0,,
*Not Licensed,,1,no_province_bbox,,,0,,
Headingly,,1,no_province_bbox,,,0,,
Harnisworth,,1,no_province_bbox,,,0,,
Hazelridge,,1,no_province_bbox,,,0,,
Landseer,,1,no_province_bbox,,,0,,
La Salle,,1,no_province_bbox,,,0,,
Manson,,1,no_province_bbox,,,0,,
Melbourne,,1,no_province_bbox,,,0,,
Menteith,,1,no_province_bbox,,,0,,
Millwood,,1,no_province_bbox,,,0,,
Moore Park,,1,no_province_bbox,,,0,,
McTavish,,1,no_province_bbox,,,0,,
Niverville,,1,no_province_bbox,,,0,,
Routledgè,,1,no_province_bbox,,,0,,
Riverdale,,1,no_province_bbox,,,0,,
St. Claude,,1,no_province_bbox,,,0,,
Treesbank,,1,no_province_bbox,,,0,,
Varcoe,,1,no_province_bbox,,,0,,
Dante,SASKATCHEWAN,1,interpolated,50.466303,-105.717983,26694,182.1,
Engen's Sdg,SASKATCHEWAN,1,interpolated,50.466303,-105.717983,26694,182.1,
Junnifail,ALBERTA,1,interpolated,50.88,-112.866667,14055,155.7,
Orrville,MANITOBA,1,interpolated,50.145,-99.683889,2225,108.6,
Lowell,SASKATCHEWAN,1,interpolated,51.581741,-106.213034,5221,172.2,
Oster,SASKATCHEWAN,1,interpolated,51.581741,-106.213034,5221,172.2,
Arat,SASKATCHEWAN,1,interpolated,51.298542,-105.047323,2147,152.0,
Young Sdg,SASKATCHEWAN,1,interpolated,51.298542,-105.047323,2147,152.0,
Station. 1,ONTARIO,1,interpolated,44.5014,-79.85847,27,92.7,
Hayter,SASKATCHEWAN,1,interpolated,50.466303,-105.717983,26694,182.1,
Pandoun,SASKATCHEWAN,1,interpolated,50.466303,-105.717983,26694,182.1,
Radium,SASKATCHEWAN,1,interpolated,50.466303,-105.717983,26694,182.1,
Forrest,ALBERTA,1,interpolated,50.88,-112.866667,14055,155.7,
1st Siding West of Tessier,SASKATCHEWAN,1,interpolated,51.581741,-106.213034,5221,172.2,
2nd Siding South of Melfort,SASKATCHEWAN,1,interpolated,51.581741,-106.213034,5221,172.2,
Whitton Siding,SASKATCHEWAN,1,interpolated,51.581741,-106.213034,5221,172.2,
Nbrmanton,SASKATCHEWAN,1,interpolated,51.298542,-105.047323,2147,152.0,
Kilby,MANITOBA,1,interpolated,50.236667,-99.730833,3772,114.8,
Douai,SASKATCHEWAN,1,interpolated,50.466303,-105.717983,26694,182.1,
Bluff Centre,ALBERTA,1,too_few_neighbors,,,0,,
Airedale,SASKATCHEWAN,1,interpolated,50.466303,-105.717983,26694,182.1,
Amberley,SASKATCHEWAN,1,interpolated,50.466303,-105.717983,26694,182.1,
Adine,SASKATCHEWAN,1,interpolated,51.616727,-105.809146,17381,184.7,
Hummell,SASKATCHEWAN,1,interpolated,51.616727,-105.809146,17381,184.7,
Longstaff,SASKATCHEWAN,1,interpolated,51.616727,-105.809146,17381,184.7,
St. Kilda,SASKATCHEWAN,1,interpolated,51.616727,-105.809146,17381,184.7,
Fahler,ALBERTA,1,interpolated,55.170833,-117.270139,258,119.2,
Commerce.....*,ALBERTA,1,too_few_neighbors,,,0,,
Rigworth,SASKATCHEWAN,1,interpolated,51.616727,-105.809146,17381,184.7,
Siding 4.4,ALBERTA,1,interpolated,52.834167,-112.572222,6568,125.6,
Willenhall,ALBERTA,1,interpolated,52.834167,-112.572222,6568,125.6,
Winnipeg... Mfg. E,MANITOBA,1,interpolated,50.236667,-99.730833,3772,114.8,
Engen,SASKATCHEWAN,1,interpolated,50.466303,-105.717983,26694,182.1,
Luella,SASKATCHEWAN,1,interpolated,50.466303,-105.717983,26694,182.1,
Medicine Hat Mig. E,ALBERTA,1,interpolated,50.88,-112.866667,14055,155.7,
Pushley,ALBERTA,1,interpolated,50.88,-112.866667,14055,155.7,
Wellsdale,ALBERTA,1,interpolated,50.88,-112.866667,14055,155.7,
Edmonton Mig. E,ALBERTA,1,interpolated,52.834167,-112.572222,6568,125.6,
Madiil,MANITOBA,1,interpolated,49.658611,-99.862778,7382,92.7,
Edenbridge,SASKATCHEWAN,1,interpolated,50.466303,-105.717983,26694,182.1,
Melfort Extension Mile 10-4,SASKATCHEWAN,1,interpolated,50.466303,-105.717983,26694,182.1,
Battleford Mfg. E,SASKATCHEWAN,1,interpolated,51.616727,-105.809146,17381,184.7,
Dodsland Subdivision,SASKATCHEWAN,1,interpolated,51.616727,-105.809146,17381,184.7,
M.P. 50-3,SASKATCHEWAN,1,interpolated,51.616727,-105.809146,17381,184.7,
Medicine Hat Mfg. E,ALBERTA,1,interpolated,50.88,-112.866667,14055,155.7,
Alliance Branch Mile- age 10,ALBERTA,1,interpolated,52.834167,-112.572222,6568,125.6,
Poc,ALBERTA,1,interpolated,52.834167,-112.572222,6568,125.6,
Piché,SASKATCHEWAN,1,interpolated,50.466303,-105.717983,26694,182.1,
Crowtherview,SASKATCHEWAN,1,interpolated,51.616727,-105.809146,17381,184.7,
Lawrence Siding,SASKATCHEWAN,1,interpolated,51.616727,-105.809146,17381,184.7,
Mile 102-2 Tisdale Sub. Div,SASKATCHEWAN,1,interpolated,51.616727,-105.809146,17381,184.7,
Mileage 10 N.E. of Whittome,SASKATCHEWAN,1,interpolated,51.616727,-105.809146,17381,184.7,
Gabriel,ALBERTA,1,interpolated,52.834167,-112.572222,6568,125.6,
Mileage 10..... (Alliance Branch),ALBERTA,1,interpolated,52.834167,-112.572222,6568,125.6,
Rca,MANITOBA,1,interpolated,50.236667,-99.730833,3772,114.8,
Eddyside,SASKATCHEWAN,1,interpolated,50.466303,-105.717983,26694,182.1,
Leahurst (Hood),SASKATCHEWAN,1,interpolated,50.466303,-105.717983,26694,182.1,
"Sdg. No. 1, Lanigan",SASKATCHEWAN,1,interpolated,50.466303,-105.717983,26694,182.1,
Lawrence,SASKATCHEWAN,1,interpolated,51.616727,-105.809146,17381,184.7,
Mile 102.2 Tisdale Sub Div,SASKATCHEWAN,1,interpolated,51.616727,-105.809146,17381,184.7,
Mileage 10 N. E. of Whittome,SASKATCHEWAN,1,interpolated,51.616727,-105.809146,17381,184.7,
Siding 10..... (Alliance Branch),ALBERTA,1,interpolated,52.834167,-112.572222,6568,125.6,
Broro,MANITOBA,1,interpolated,49.658611,-99.862778,7382,92.7,
Clonmel,MANITOBA,1,interpolated,49.658611,-99.862778,7382,92.7,
Council,MANITOBA,1,interpolated,49.658611,-99.862778,7382,92.7,
Diana,MANITOBA,1,interpolated,49.658611,-99.862778,7382,92.7,
Engen Sdg,MANITOBA,1,interpolated,49.658611,-99.862778,7382,92.7,
Hazel Cliffe,MANITOBA,1,interpolated,49.658611,-99.862778,7382,92.7,
Patrick Sdg,MANITOBA,1,interpolated,49.658611,-99.862778,7382,92.7,
Pontiox,MANITOBA,1,interpolated,49.658611,-99.862778,7382,92.7,
Radium,MANITOBA,1,interpolated,49.658611,-99.862778,7382,92.7,
Aliz,ALBERTA,1,interpolated,50.88,-112.866667,14055,155.7,
Ashdown,BRITISH COLUMBIA,1,interpolated,49.183333,-122.55,37,74.8,
Argyle,BRITISH COLUMBIA,1,interpolated,49.183333,-122.55,37,74.8,
Beaver,BRITISH COLUMBIA,1,interpolated,49.183333,-122.55,37,74.8,
Birdtail Creek,BRITISH COLUMBIA,1,interpolated,49.183333,-122.55,37,74.8,
Brumlie,BRITISH COLUMBIA,1,interpolated,49.183333,-122.55,37,74.8,
Butler,BRITISH COLUMBIA,1,interpolated,49.183333,-122.55,37,74.8,
Cardale,BRITISH COLUMBIA,1,interpolated,49.183333,-122.55,37,74.8,
Cordova,BRITISH COLUMBIA,1,interpolated,49.183333,-122.55,37,74.8,
Decker,BRITISH COLUMBIA,1,interpolated,49.183333,-122.55,37,74.8,
Dropmore,BRITISH COLUMBIA,1,interpolated,49.183333,-122.55,37,74.8,
Dufresne,BRITISH COLUMBIA,1,interpolated,49.183333,-122.55,37,74.8,
Elie,BRITISH COLUMBIA,1,interpolated,49.183333,-122.55,37,74.8,
Elliots,BRITISH COLUMBIA,1,interpolated,49.183333,-122.55,37,74.8,
Golden Stream,BRITISH COLUMBIA,1,interpolated,49.183333,-122.55,37,74.8,
Groose Isle,BRITISH COLUMBIA,1,interpolated,49.183333,-122.55,37,74.8,
Hope Farm,BRITISH COLUMBIA,1,interpolated,49.183333,-122.55,37,74.8,
Howden,BRITISH COLUMBIA,1,interpolated,49.183333,-122.55,37,74.8,
Jordan,BRITISH COLUMBIA,1,interpolated,49.183333,-122.55,37,74.8,
Katrim,BRITISH COLUMBIA,1,interpolated,49.183333,-122.55,37,74.8,
Laurier,BRITISH COLUMBIA,1,interpolated,49.183333,-122.55,37,74.8,
Lavenham,BRITISH COLUMBIA,1,interpolated,49.183333,-122.55,37,74.8,
Lena,BRITISH COLUMBIA,1,interpolated,49.183333,-122.55,37,74.8,
Makaroff,BRITISH COLUMBIA,1,interpolated,49.183333,-122.55,37,74.8,
Mayfield,BRITISH COLUMBIA,1,interpolated,49.183333,-122.55,37,74.8,
Menzies,BRITISH COLUMBIA,1,interpolated,49.183333,-122.55,37,74.8,
Methven Junction,BRITISH COLUMBIA,1,interpolated,49.183333,-122.55,37,74.8,
Minitonas,BRITISH COLUMBIA,1,interpolated,49.183333,-122.55,37,74.8,
McLean,BRITISH COLUMBIA,1,interpolated,49.183333,-122.55,37,74.8,
Neelin,BRITISH COLUMBIA,1,interpolated,49.183333,-122.55,37,74.8,
Petrel,BRITISH COLUMBIA,1,interpolated,49.183333,-122.55,37,74.8,
Pleasant Point,BRITISH COLUMBIA,1,interpolated,49.183333,-122.55,37,74.8,
Riding Mountain,BRITISH COLUMBIA,1,interpolated,49.183333,-122.55,37,74.8,
Rounthwaite,BRITISH COLUMBIA,1,interpolated,49.183333,-122.55,37,74.8,
Rufford Siding,BRITISH COLUMBIA,1,interpolated,49.183333,-122.55,37,74.8,
St. Anne,BRITISH COLUMBIA,1,interpolated,49.183333,-122.55,37,74.8,
St. Agathe,BRITISH COLUMBIA,1,interpolated,49.183333,-122.55,37,74.8,
*St. Boniface,BRITISH COLUMBIA,1,interpolated,49.183333,-122.55,37,74.8,
St. Rose du Lac,BRITISH COLUMBIA,1,interpolated,49.183333,-122.55,37,74.8,
Shellmouth,BRITISH COLUMBIA,1,interpolated,49.183333,-122.55,37,74.8,
Silver Plains,BRITISH COLUMBIA,1,interpolated,49.183333,-122.55,37,74.8,
Smith Spur,BRITISH COLUMBIA,1,interpolated,49.183333,-122.55,37,74.8,
Stephenfield,BRITISH COLUMBIA,1,interpolated,49.183333,-122.55,37,74.8,
Underhill,BRITISH COLUMBIA,1,interpolated,49.183333,-122.55,37,74.8,
Union Point,BRITISH COLUMBIA,1,interpolated,49.183333,-122.55,37,74.8,
Valley River,BRITISH COLUMBIA,1,interpolated,49.183333,-122.55,37,74.8,
Wassawa,BRITISH COLUMBIA,1,interpolated,49.183333,-122.55,37,74.8,
Woodnorth,BRITISH COLUMBIA,1,interpolated,49.183333,-122.55,37,74.8,
Ballock,SASKATCHEWAN,1,interpolated,51.581741,-106.213034,5221,172.2,
Lindstrom,SASKATCHEWAN,1,interpolated,51.298542,-105.047323,2147,152.0,
Stations. 1,ONTARIO,1,interpolated,48.354336,-89.262676,322,8.8,
Stations 2,ONTARIO,1,interpolated,48.354336,-89.262676,322,8.8,
Hordeon,MANITOBA,1,interpolated,49.658611,-99.862778,7382,92.7,
Council,SASKATCHEWAN,1,interpolated,50.466303,-105.717983,26694,182.1,
Patrick Sdg,SASKATCHEWAN,1,interpolated,50.466303,-105.717983,26694,182.1,
Tatugua,SASKATCHEWAN,1,interpolated,50.466303,-105.717983,26694,182.1,
Fusilier,ALBERTA,1,interpolated,50.88,-112.866667,14055,155.7,
Strathmead,ALBERTA,1,interpolated,50.88,-112.866667,14055,155.7,
Elliotts,MANITOBA,1,interpolated,50.145,-99.683889,2225,108.6,
Mile 68 Wakopa Extn,MANITOBA,1,interpolated,50.145,-99.683889,2225,108.6,
Wassawa,MANITOBA,1,interpolated,50.145,-99.683889,2225,108.6,
Bayard,MANITOBA,1,interpolated,50.145,-99.683889,2225,108.6,
Beatty,MANITOBA,1,interpolated,50.145,-99.683889,2225,108.6,
Brancepath,MANITOBA,1,interpolated,50.145,-99.683889,2225,108.6,
Bresaylor,MANITOBA,1,interpolated,50.145,-99.683889,2225,108.6,
Browning,MANITOBA,1,interpolated,50.145,-99.683889,2225,108.6,
Bryant,MANITOBA,1,interpolated,50.145,-99.683889,2225,108.6,
Carlsberg,MANITOBA,1,interpolated,50.145,-99.683889,2225,108.6,
Carmel,MANITOBA,1,interpolated,50.145,-99.683889,2225,108.6,
Clayband,MANITOBA,1,interpolated,50.145,-99.683889,2225,108.6,
Cullen,MANITOBA,1,interpolated,50.145,-99.683889,2225,108.6,
Dalzell,MANITOBA,1,interpolated,50.145,-99.683889,2225,108.6,
Dana,MANITOBA,1,interpolated,50.145,-99.683889,2225,108.6,
Davis,MANITOBA,1,interpolated,50.145,-99.683889,2225,108.6,
Duck Lake,MANITOBA,1,interpolated,50.145,-99.683889,2225,108.6,
Elswick,MANITOBA,1,interpolated,50.145,-99.683889,2225,108.6,
Findlater,MANITOBA,1,interpolated,50.145,-99.683889,2225,108.6,
Hyas,MANITOBA,1,interpolated,50.145,-99.683889,2225,108.6,
Invermay,MANITOBA,1,interpolated,50.145,-99.683889,2225,108.6,
Jameson,MANITOBA,1,interpolated,50.145,-99.683889,2225,108.6,
Kelso,MANITOBA,1,interpolated,50.145,-99.683889,2225,108.6,
Kingford,MANITOBA,1,interpolated,50.145,-99.683889,2225,108.6,
Kipling,MANITOBA,1,interpolated,50.145,-99.683889,2225,108.6,
Langbank,MANITOBA,1,interpolated,50.145,-99.683889,2225,108.6,
Lickford,MANITOBA,1,interpolated,50.145,-99.683889,2225,108.6,
Lovat,MANITOBA,1,interpolated,50.145,-99.683889,2225,108.6,
Mennon,MANITOBA,1,interpolated,50.145,-99.683889,2225,108.6,
Meota,MANITOBA,1,interpolated,50.145,-99.683889,2225,108.6,
Merid,MANITOBA,1,interpolated,50.145,-99.683889,2225,108.6,
Mervin,MANITOBA,1,interpolated,50.145,-99.683889,2225,108.6,
Parkman,MANITOBA,1,interpolated,50.145,-99.683889,2225,108.6,
Paswegin,MANITOBA,1,interpolated,50.145,-99.683889,2225,108.6,
Prince,MANITOBA,1,interpolated,50.145,-99.683889,2225,108.6,
Ritchie,MANITOBA,1,interpolated,50.145,-99.683889,2225,108.6,
Runnymede,MANITOBA,1,interpolated,50.145,-99.683889,2225,108.6,
Ryerson,MANITOBA,1,interpolated,50.145,-99.683889,2225,108.6,
Spring Valley,MANITOBA,1,interpolated,50.145,-99.683889,2225,108.6,
St. Brieux,MANITOBA,1,interpolated,50.145,-99.683889,2225,108.6,
Strong's Siding,MANITOBA,1,interpolated,50.145,-99.683889,2225,108.6,
Tiny,MANITOBA,1,interpolated,50.145,-99.683889,2225,108.6,
Valparaiso,MANITOBA,1,interpolated,50.145,-99.683889,2225,108.6,
Vandura,MANITOBA,1,interpolated,50.145,-99.683889,2225,108.6,
Weldon,MANITOBA,1,interpolated,50.145,-99.683889,2225,108.6,
Wordsworth,MANITOBA,1,interpolated,50.145,-99.683889,2225,108.6,
Beiseker,SASKATCHEWAN,1,interpolated,51.298542,-105.047323,2147,152.0,
Bremner's Sdg,SASKATCHEWAN,1,interpolated,51.298542,-105.047323,2147,152.0,
Grainger,SASKATCHEWAN,1,interpolated,51.298542,-105.047323,2147,152.0,
Mirror,SASKATCHEWAN,1,interpolated,51.298542,-105.047323,2147,152.0,
Nestor,SASKATCHEWAN,1,interpolated,51.298542,-105.047323,2147,152.0,
New Norway,SASKATCHEWAN,1,interpolated,51.298542,-105.047323,2147,152.0,
Poe,SASKATCHEWAN,1,interpolated,51.298542,-105.047323,2147,152.0,
Shonta,SASKATCHEWAN,1,interpolated,51.298542,-105.047323,2147,152.0,
Trochu,SASKATCHEWAN,1,interpolated,51.298542,-105.047323,2147,152.0,
Wainwright,SASKATCHEWAN,1,interpolated,51.298542,-105.047323,2147,152.0,
Stations. 2,ONTARIO,1,interpolated,48.354336,-89.262676,322,8.8,
Stations. 2,QUEBEC,1,interpolated,45.508822,-73.554077,9,0.0,
Ipswich Sdg,MANITOBA,1,interpolated,49.658611,-99.862778,7382,92.7,
Ambassador,MANITOBA,1,interpolated,49.658611,-99.862778,7382,92.7,
Brora,MANITOBA,1,interpolated,49.658611,-99.862778,7382,92.7,
Brightmore,MANITOBA,1,interpolated,49.658611,-99.862778,7382,92.7,
Cadillac,MANITOBA,1,interpolated,49.658611,-99.862778,7382,92.7,
Clenmel,MANITOBA,1,interpolated,49.658611,-99.862778,7382,92.7,
Court,MANITOBA,1,interpolated,49.658611,-99.862778,7382,92.7,
Chrysler,MANITOBA,1,interpolated,49.658611,-99.862778,7382,92.7,
Crichton,MANITOBA,1,interpolated,49.658611,-99.862778,7382,92.7,
Diana Siding,MANITOBA,1,interpolated,49.658611,-99.862778,7382,92.7,
Dumas,MANITOBA,1,interpolated,49.658611,-99.862778,7382,92.7,
Engen Siding,MANITOBA,1,interpolated,49.658611,-99.862778,7382,92.7,
Fusileer,MANITOBA,1,interpolated,49.658611,-99.862778,7382,92.7,
Fertile,MANITOBA,1,interpolated,49.658611,-99.862778,7382,92.7,
Govenlock,MANITOBA,1,interpolated,49.658611,-99.862778,7382,92.7,
Hazelcliffe,MANITOBA,1,interpolated,49.658611,-99.862778,7382,92.7,
Keppel,MANITOBA,1,interpolated,49.658611,-99.862778,7382,92.7,
Noelby,MANITOBA,1,interpolated,49.658611,-99.862778,7382,92.7,
Outram,MANITOBA,1,interpolated,49.658611,-99.862778,7382,92.7,
Patrick Siding,MANITOBA,1,interpolated,49.658611,-99.862778,7382,92.7,
Plassey,MANITOBA,1,interpolated,49.658611,-99.862778,7382,92.7,
Ravensorag,MANITOBA,1,interpolated,49.658611,-99.862778,7382,92.7,
South Fork,MANITOBA,1,interpolated,49.658611,-99.862778,7382,92.7,
Stelcam,MANITOBA,1,interpolated,49.658611,-99.862778,7382,92.7,
Tatagua,MANITOBA,1,interpolated,49.658611,-99.862778,7382,92.7,
Vidora,MANITOBA,1,interpolated,49.658611,-99.862778,7382,92.7,
Airdrie,MANITOBA,1,interpolated,49.658611,-99.862778,7382,92.7,
Barnwell,MANITOBA,1,interpolated,49.658611,-99.862778,7382,92.7,
Bideford,MANITOBA,1,interpolated,49.658611,-99.862778,7382,92.7,
Bittern Lake,MANITOBA,1,interpolated,49.658611,-99.862778,7382,92.7,
Bowden,MANITOBA,1,interpolated,49.658611,-99.862778,7382,92.7,
Bradshaw's Sdg,MANITOBA,1,interpolated,49.658611,-99.862778,7382,92.7,
Brooks,MANITOBA,1,interpolated,49.658611,-99.862778,7382,92.7,
Bindloss,MANITOBA,1,interpolated,49.658611,-99.862778,7382,92.7,
Clive,MANITOBA,1,interpolated,49.658611,-99.862778,7382,92.7,
Commerce,MANITOBA,1,interpolated,49.658611,-99.862778,7382,92.7,
Cowley,MANITOBA,1,interpolated,49.658611,-99.862778,7382,92.7,
Crowfoot,MANITOBA,1,interpolated,49.658611,-99.862778,7382,92.7,
Czar,MANITOBA,1,interpolated,49.658611,-99.862778,7382,92.7,
Daysland,MANITOBA,1,interpolated,49.658611,-99.862778,7382,92.7,
Dalemead,MANITOBA,1,interpolated,49.658611,-99.862778,7382,92.7,
Diamond City,MANITOBA,1,interpolated,49.658611,-99.862778,7382,92.7,
Duchess,MANITOBA,1,interpolated,49.658611,-99.862778,7382,92.7,
Ellerslie,MANITOBA,1,interpolated,49.658611,-99.862778,7382,92.7,
Enebant,MANITOBA,1,interpolated,49.658611,-99.862778,7382,92.7,
Ensign,MANITOBA,1,interpolated,49.658611,-99.862778,7382,92.7,
Erskine,MANITOBA,1,interpolated,49.658611,-99.862778,7382,92.7,
Etizicam,MANITOBA,1,interpolated,49.658611,-99.862778,7382,92.7,
Fincastle,MANITOBA,1,interpolated,49.658611,-99.862778,7382,92.7,
Fleet,MANITOBA,1,interpolated,49.658611,-99.862778,7382,92.7,
Gadsby,MANITOBA,1,interpolated,49.658611,-99.862778,7382,92.7,
Glenbow,MANITOBA,1,interpolated,49.658611,-99.862778,7382,92.7,
Hussar,MANITOBA,1,interpolated,49.658611,-99.862778,7382,92.7,
Innisfail,MANITOBA,1,interpolated,49.658611,-99.862778,7382,92.7,
Keoma,MANITOBA,1,interpolated,49.658611,-99.862778,7382,92.7,
Lundbreck,MANITOBA,1,interpolated,49.658611,-99.862778,7382,92.7,
Millet,MANITOBA,1,interpolated,49.658611,-99.862778,7382,92.7,
Morningside,MANITOBA,1,interpolated,49.658611,-99.862778,7382,92.7,
Metiscow,MANITOBA,1,interpolated,49.658611,-99.862778,7382,92.7,
Millicent,MANITOBA,1,interpolated,49.658611,-99.862778,7382,92.7,
Olda,MANITOBA,1,interpolated,49.658611,-99.862778,7382,92.7,
Pearce,MANITOBA,1,interpolated,49.658611,-99.862778,7382,92.7,
Pancras,MANITOBA,1,interpolated,49.658611,-99.862778,7382,92.7,
Patricia,MANITOBA,1,interpolated,49.658611,-99.862778,7382,92.7,
Pakawki,MANITOBA,1,interpolated,49.658611,-99.862778,7382,92.7,
Redcliff,MANITOBA,1,interpolated,49.658611,-99.862778,7382,92.7,
Tees,MANITOBA,1,interpolated,49.658611,-99.862778,7382,92.7,
Throne,MANITOBA,1,interpolated,49.658611,-99.862778,7382,92.7,
Tilley,MANITOBA,1,interpolated,49.658611,-99.862778,7382,92.7,
Titian,MANITOBA,1,interpolated,49.658611,-99.862778,7382,92.7,
Tudor,MANITOBA,1,interpolated,49.658611,-99.862778,7382,92.7,
Walsh,MANITOBA,1,interpolated,49.658611,-99.862778,7382,92.7,
Wilson,MANITOBA,1,interpolated,49.658611,-99.862778,7382,92.7,
Watts,MANITOBA,1,interpolated,49.658611,-99.862778,7382,92.7,
Newton Sdg,MANITOBA,1,interpolated,50.145,-99.683889,2225,108.6,
Rufford Sdg,MANITOBA,1,interpolated,50.145,-99.683889,2225,108.6,
Blamo,SASKATCHEWAN,1,interpolated,51.581741,-106.213034,5221,172.2,
Dingman,SASKATCHEWAN,1,interpolated,51.581741,-106.213034,5221,172.2,
Pasweigen,SASKATCHEWAN,1,interpolated,51.581741,-106.213034,5221,172.2,
Hyas,ALBERTA,1,interpolated,52.583889,-112.300833,1500,125.9,
Scotsville,ALBERTA,1,interpolated,52.583889,-112.300833,1500,125.9,
Arrow River,ALBERTA,1,interpolated,52.834167,-112.951111,509,113.4,
Barr,ALBERTA,1,interpolated,52.834167,-112.951111,509,113.4,
Caye,ALBERTA,1,interpolated,52.834167,-112.951111,509,113.4,
Dugald,ALBERTA,1,interpolated,52.834167,-112.951111,509,113.4,
Firdale,ALBERTA,1,interpolated,52.834167,-112.951111,509,113.4,
Fortier,ALBERTA,1,interpolated,52.834167,-112.951111,509,113.4,
Gregg,ALBERTA,1,interpolated,52.834167,-112.951111,509,113.4,
Harte,ALBERTA,1,interpolated,52.834167,-112.951111,509,113.4,
Ingelow,ALBERTA,1,interpolated,52.834167,-112.951111,509,113.4,
Knox,ALBERTA,1,interpolated,52.834167,-112.951111,509,113.4,
Levine,ALBERTA,1,interpolated,52.834167,-112.951111,509,113.4,
Oakner,ALBERTA,1,interpolated,52.834167,-112.951111,509,113.4,
Rea,ALBERTA,1,interpolated,52.834167,-112.951111,509,113.4,
Adams,ALBERTA,1,interpolated,52.834167,-112.951111,509,113.4,
Archydal,ALBERTA,1,interpolated,52.834167,-112.951111,509,113.4,
Asquith,ALBERTA,1,interpolated,52.834167,-112.951111,509,113.4,
Avonhurst,ALBERTA,1,interpolated,52.834167,-112.951111,509,113.4,
Balcarres,ALBERTA,1,interpolated,52.834167,-112.951111,509,113.4,
Bremen,ALBERTA,1,interpolated,52.834167,-112.951111,509,113.4,
Breeze,ALBERTA,1,interpolated,52.834167,-112.951111,509,113.4,
Brough,ALBERTA,1,interpolated,52.834167,-112.951111,509,113.4,
Burdick,ALBERTA,1,interpolated,52.834167,-112.951111,509,113.4,
Beaufield,ALBERTA,1,interpolated,52.834167,-112.951111,509,113.4,
Cana,ALBERTA,1,interpolated,52.834167,-112.951111,509,113.4,
Cando,ALBERTA,1,interpolated,52.834167,-112.951111,509,113.4,
Carruthers,ALBERTA,1,interpolated,52.834167,-112.951111,509,113.4,
Deborah,ALBERTA,1,interpolated,52.834167,-112.951111,509,113.4,
Dodsland,ALBERTA,1,interpolated,52.834167,-112.951111,509,113.4,
Duff,ALBERTA,1,interpolated,52.834167,-112.951111,509,113.4,
Duro,ALBERTA,1,interpolated,52.834167,-112.951111,509,113.4,
Eastview,ALBERTA,1,interpolated,52.834167,-112.951111,509,113.4,
Edenwold,ALBERTA,1,interpolated,52.834167,-112.951111,509,113.4,
Elcott,ALBERTA,1,interpolated,52.834167,-112.951111,509,113.4,
Finnic,ALBERTA,1,interpolated,52.834167,-112.951111,509,113.4,
Fort Qu'Appelle,ALBERTA,1,interpolated,52.834167,-112.951111,509,113.4,
Franksberg,ALBERTA,1,interpolated,52.834167,-112.951111,509,113.4,
Gallivan,ALBERTA,1,interpolated,52.834167,-112.951111,509,113.4,
Gillespie,ALBERTA,1,interpolated,52.834167,-112.951111,509,113.4,
Grandora,ALBERTA,1,interpolated,52.834167,-112.951111,509,113.4,
Greene,ALBERTA,1,interpolated,52.834167,-112.951111,509,113.4,
Grayburn,ALBERTA,1,interpolated,52.834167,-112.951111,509,113.4,
Hoey,ALBERTA,1,interpolated,52.834167,-112.951111,509,113.4,
Hoosier,ALBERTA,1,interpolated,52.834167,-112.951111,509,113.4,
Hubbard,ALBERTA,1,interpolated,52.834167,-112.951111,509,113.4,
Hawoods,ALBERTA,1,interpolated,52.834167,-112.951111,509,113.4,
Innes,ALBERTA,1,interpolated,52.834167,-112.951111,509,113.4,
Jasmin,ALBERTA,1,interpolated,52.834167,-112.951111,509,113.4,
Lebret,ALBERTA,1,interpolated,52.834167,-112.951111,509,113.4,
Lerose,ALBERTA,1,interpolated,52.834167,-112.951111,509,113.4,
Lorlie,ALBERTA,1,interpolated,52.834167,-112.951111,509,113.4,
Lydden,ALBERTA,1,interpolated,52.834167,-112.951111,509,113.4,
Mansur,ALBERTA,1,interpolated,52.834167,-112.951111,509,113.4,
Muscow,ALBERTA,1,interpolated,52.834167,-112.951111,509,113.4,
Pattee,ALBERTA,1,interpolated,52.834167,-112.951111,509,113.4,
Peoples,ALBERTA,1,interpolated,52.834167,-112.951111,509,113.4,
Pollocks Siding,ALBERTA,1,interpolated,52.834167,-112.951111,509,113.4,
Rowletta,ALBERTA,1,interpolated,52.834167,-112.951111,509,113.4,
Rutan,ALBERTA,1,interpolated,52.834167,-112.951111,509,113.4,
Ruthilda,ALBERTA,1,interpolated,52.834167,-112.951111,509,113.4,
End of Steel,ALBERTA,1,interpolated,52.834167,-112.951111,509,113.4,
Sidmar,ALBERTA,1,interpolated,52.834167,-112.951111,509,113.4,
Sander,ALBERTA,1,interpolated,52.834167,-112.951111,509,113.4,
Tatsfield,ALBERTA,1,interpolated,52.834167,-112.951111,509,113.4,
Undora,ALBERTA,1,interpolated,52.834167,-112.951111,509,113.4,
Vera,ALBERTA,1,interpolated,52.834167,-112.951111,509,113.4,
Yarbo,ALBERTA,1,interpolated,52.834167,-112.951111,509,113.4,
Youngs Siding,ALBERTA,1,interpolated,52.834167,-112.951111,509,113.4,
Zehner,ALBERTA,1,interpolated,52.834167,-112.951111,509,113.4,
Zeneta,ALBERTA,1,interpolated,52.834167,-112.951111,509,113.4,
North Transcona Canadian Pacific Railway,ALBERTA,1,interpolated,55.170833,-117.270139,258,119.2,
*Moose Jaw..... Canadian Government Elevator,ALBERTA,1,interpolated,55.170833,-117.270139,258,119.2,
*Saskatoon..... Canadian Government Elevator,ALBERTA,1,interpolated,55.170833,-117.270139,258,119.2,
*Calgary..... Canadian Government Elevator,ALBERTA,1,interpolated,55.170833,-117.270139,258,119.2,
Stations. 4,ALBERTA,1,interpolated,55.170833,-117.270139,258,119.2,
Port Arthur,ALBERTA,1,interpolated,50.88,-112.866667,14055,155.7,
Prince Albert East,SASKATCHEWAN,1,interpolated,51.581741,-106.213034,5221,172.2,
SpruceGroveCentre,ALBERTA,1,interpolated,52.583889,-112.300833,1500,125.9,
Pollock's Sdg,SASKATCHEWAN,1,interpolated,51.298542,-105.047323,2147,152.0,
North Transcona Canadian Pacific Railway Elevator,ALBERTA,1,too_few_neighbors,,,0,,
Pt. McNicoll,ONTARIO,1,interpolated,48.354336,-89.262676,322,8.8,
Glenifer,MANITOBA,1,interpolated,49.658611,-99.862778,7382,92.7,
Landsur,MANITOBA,1,interpolated,49.658611,-99.862778,7382,92.7,
Moorspark,MANITOBA,1,interpolated,49.658611,-99.862778,7382,92.7,
Vareec,MANITOBA,1,interpolated,49.658611,-99.862778,7382,92.7,
Katrin,MANITOBA,1,interpolated,50.145,-99.683889,2225,108.6,
Vitich,MANITOBA,1,interpolated,50.145,-99.683889,2225,108.6,
Res,MANITOBA,1,interpolated,49.998889,-99.971944,208,55.4,
Astam,SASKATCHEWAN,1,interpolated,50.466303,-105.717983,26694,182.1,
Husch,SASKATCHEWAN,1,interpolated,50.466303,-105.717983,26694,182.1,
Hunce,SASKATCHEWAN,1,interpolated,50.466303,-105.717983,26694,182.1,
Carlsborg,SASKATCHEWAN,1,interpolated,51.581741,-106.213034,5221,172.2,
Jurson,SASKATCHEWAN,1,interpolated,51.581741,-106.213034,5221,172.2,
Parkinan,SASKATCHEWAN,1,interpolated,51.581741,-106.213034,5221,172.2,
Ft. Qu'Appelle,SASKATCHEWAN,1,interpolated,51.298542,-105.047323,2147,152.0,
Nomokis,SASKATCHEWAN,1,interpolated,51.298542,-105.047323,2147,152.0,
Rosietta,SASKATCHEWAN,1,interpolated,51.298542,-105.047323,2147,152.0,
Sarriar,SASKATCHEWAN,1,interpolated,51.298542,-105.047323,2147,152.0,
Ulaan,SASKATCHEWAN,1,interpolated,51.298542,-105.047323,2147,152.0,
Holmesma,ALBERTA,1,interpolated,50.88,-112.866667,14055,155.7,
Pleasant Valley,ALBERTA,1,interpolated,50.88,-112.866667,14055,155.7,
Nainao Siding,ALBERTA,1,interpolated,52.583889,-112.300833,1500,125.9,
Burke,MANITOBA,1,interpolated,49.998889,-99.971944,208,55.4,
Craburne,MANITOBA,1,interpolated,49.998889,-99.971944,208,55.4,
Dorenlee,MANITOBA,1,interpolated,49.998889,-99.971944,208,55.4,
Ferintosh,MANITOBA,1,interpolated,49.998889,-99.971944,208,55.4,
Fabyon,MANITOBA,1,interpolated,49.998889,-99.971944,208,55.4,
Greenshields,MANITOBA,1,interpolated,49.998889,-99.971944,208,55.4,
Ghost Pine,MANITOBA,1,interpolated,49.998889,-99.971944,208,55.4,
Kathryn,MANITOBA,1,interpolated,49.998889,-99.971944,208,55.4,
Kinsella,MANITOBA,1,interpolated,49.998889,-99.971944,208,55.4,
Kingman,MANITOBA,1,interpolated,49.998889,-99.971944,208,55.4,
"Mirror,",MANITOBA,1,interpolated,49.998889,-99.971944,208,55.4,
Poë,MANITOBA,1,interpolated,49.998889,-99.971944,208,55.4,
Shonts,MANITOBA,1,interpolated,49.998889,-99.971944,208,55.4,
Stoney Plains,MANITOBA,1,interpolated,49.998889,-99.971944,208,55.4,
Twining,MANITOBA,1,interpolated,49.998889,-99.971944,208,55.4,
Thoseland,MANITOBA,1,interpolated,49.424444,-98.014444,318,80.8,
razon,SASKATCHEWAN,1,interpolated,50.466303,-105.717983,26694,182.1,
Passador,SASKATCHEWAN,1,interpolated,50.466303,-105.717983,26694,182.1,
Paneras,ALBERTA,1,interpolated,50.88,-112.866667,14055,155.7,
Transcona,BRITISH COLUMBIA,1,too_few_neighbors,,,0,,
Moosejaw,BRITISH COLUMBIA,1,too_few_neighbors,,,0,,
St. Boniface,BRITISH COLUMBIA,1,too_few_neighbors,,,0,,
Titian,BRITISH COLUMBIA,1,too_few_neighbors,,,0,,
Fort McNichol,ONTARIO,1,interpolated,48.354336,-89.262676,322,8.8,
Veillette,ALBERTA,1,interpolated,52.583889,-112.300833,1500,125.9,
Mile 31,ALBERTA,1,interpolated,52.834167,-112.951111,509,113.4,
Moosejaw,ONTARIO,1,too_few_neighbors,,,0,,
Stations. 5,ONTARIO,1,too_few_neighbors,,,0,,
Bellot,MANITOBA,1,interpolated,50.145,-99.683889,2225,108.6,
Torrence,MANITOBA,1,interpolated,50.145,-99.683889,2225,108.6,
Bellot,SASKATCHEWAN,1,interpolated,51.581741,-106.213034,5221,172.2,
Gulilce,SASKATCHEWAN,1,interpolated,51.581741,-106.213034,5221,172.2,
Ketchum,SASKATCHEWAN,1,interpolated,51.581741,-106.213034,5221,172.2,
Leahurst,SASKATCHEWAN,1,interpolated,50.466303,-105.717983,26694,182.1,
Mile 102.2,SASKATCHEWAN,1,interpolated,51.616727,-105.809146,17381,184.7,
Tisdale Sub Div,SASKATCHEWAN,1,interpolated,51.616727,-105.809146,17381,184.7,
Mott Siding,SASKATCHEWAN,1,interpolated,51.616727,-105.809146,17381,184.7,
Mileage Ten,ALBERTA,1,interpolated,52.834167,-112.572222,6568,125.6,
Martin's Spur,MANITOBA,1,interpolated,50.236667,-99.730833,3772,114.8,
Mile 102-2 (Tisdale Subdivision),SASKATCHEWAN,1,interpolated,51.616727,-105.809146,17381,184.7,
Mileage Ten..... (Via Ohaton),ALBERTA,1,interpolated,52.834167,-112.572222,6568,125.6,
Mileage 4.4..... (Alliance Subdivision),ALBERTA,1,interpolated,52.834167,-112.572222,6568,125.6,
Chrysler Siding.(A),SASKATCHEWAN,1,interpolated,50.466303,-105.717983,26694,182.1,
Hudson Bay Junc- tion,SASKATCHEWAN,1,interpolated,51.616727,-105.809146,17381,184.7,
Mile 102-2..... (Tisdale sub- division),SASKATCHEWAN,1,interpolated,51.616727,-105.809146,17381,184.7,
Elowick,SASKATCHEWAN,1,interpolated,51.616727,-105.809146,17381,184.7,
Cynget,ALBERTA,1,interpolated,50.88,-112.866667,14055,155.7,
Njer,ALBERTA,1,interpolated,50.88,-112.866667,14055,155.7,
Mileage 10-3..... (Alliance Subdivision),ALBERTA,1,interpolated,52.834167,-112.572222,6568,125.6,
Mileage 4-4..... (Alliance Subdivision),ALBERTA,1,interpolated,52.834167,-112.572222,6568,125.6,
Hathaway,MANITOBA,1,interpolated,49.658611,-99.862778,7382,92.7,
St. Boniface.....*Soubry Grain & Feed Co. Ltd,MANITOBA,1,interpolated,49.658611,-99.862778,7382,92.7,
Hope Farm..... (Martin's Spur),MANITOBA,1,interpolated,50.236667,-99.730833,3772,114.8,
Mile 102-2..... (Tisdale Subdivision),SASKATCHEWAN,1,interpolated,51.616727,-105.809146,17381,184.7,
Taylor Spur,ALBERTA,1,interpolated,52.834167,-112.572222,6568,125.6,
